tweet_id,hashtag_id
2,322
64,322
3,759
3969,759
4158,759
4842,759
6411,759
7290,759
4,736
401,736
413,736
596,736
599,736
1271,736
1969,736
2145,736
2185,736
2348,736
2411,736
2413,736
2415,736
2428,736
2758,736
3198,736
3410,736
3474,736
3535,736
3539,736
3550,736
4010,736
4023,736
4051,736
4078,736
4981,736
5648,736
5991,736
6018,736
6022,736
6595,736
6720,736
6842,736
6924,736
7016,736
7027,736
7046,736
7195,736
7214,736
7256,736
7306,736
7319,736
7461,736
7475,736
7564,736
7577,736
7686,736
7853,736
7877,736
7880,736
7927,736
7943,736
7967,736
8008,736
8012,736
8025,736
8104,736
8184,736
8227,736
8327,736
8345,736
8367,736
8459,736
8542,736
8643,736
8742,736
8751,736
8815,736
8835,736
8867,736
9092,736
9118,736
9496,736
9606,736
9687,736
9705,736
9722,736
9839,736
9844,736
9856,736
9887,736
9888,736
10139,736
10423,736
10432,736
10441,736
10475,736
10482,736
10501,736
10714,736
10735,736
10743,736
10745,736
10755,736
10811,736
11588,736
6,1063
7,1063
719,1063
720,1063
2940,1063
2941,1063
5409,1063
5410,1063
5563,1063
5564,1063
10996,1063
10997,1063
8,557
8,325
8,1062
8,577
1341,577
6108,577
8061,577
8111,577
8813,577
8992,577
8,1031
2957,1031
3826,1031
4522,1031
5741,1031
6739,1031
8061,1031
8111,1031
8575,1031
9439,1031
10091,1031
8,904
8,993
8,538
8,357
18,1525
19,1525
21,1525
24,1525
30,1525
36,1525
42,1525
43,1525
46,1525
47,1525
48,1525
49,1525
50,1525
53,1525
56,1525
58,1525
60,1525
61,1525
64,1525
66,1525
67,1525
71,1525
77,1525
86,1525
87,1525
88,1525
90,1525
93,1525
100,1525
103,1525
107,1525
108,1525
113,1525
114,1525
126,1525
130,1525
131,1525
137,1525
138,1525
139,1525
141,1525
144,1525
145,1525
146,1525
149,1525
152,1525
154,1525
156,1525
158,1525
165,1525
166,1525
167,1525
172,1525
192,1525
193,1525
196,1525
199,1525
205,1525
208,1525
209,1525
210,1525
212,1525
214,1525
216,1525
222,1525
225,1525
226,1525
227,1525
230,1525
231,1525
233,1525
235,1525
240,1525
243,1525
246,1525
247,1525
253,1525
259,1525
263,1525
266,1525
267,1525
267,1525
270,1525
271,1525
272,1525
273,1525
279,1525
281,1525
284,1525
285,1525
288,1525
293,1525
294,1525
294,1525
298,1525
303,1525
305,1525
307,1525
317,1525
318,1525
324,1525
326,1525
329,1525
330,1525
348,1525
350,1525
351,1525
352,1525
354,1525
359,1525
362,1525
363,1525
366,1525
370,1525
373,1525
376,1525
396,1525
403,1525
410,1525
412,1525
415,1525
416,1525
424,1525
430,1525
431,1525
438,1525
442,1525
448,1525
454,1525
458,1525
460,1525
461,1525
465,1525
466,1525
469,1525
470,1525
471,1525
473,1525
476,1525
477,1525
480,1525
483,1525
486,1525
489,1525
491,1525
492,1525
495,1525
497,1525
502,1525
504,1525
515,1525
522,1525
523,1525
528,1525
529,1525
534,1525
539,1525
545,1525
548,1525
549,1525
550,1525
552,1525
559,1525
566,1525
569,1525
571,1525
572,1525
577,1525
578,1525
580,1525
582,1525
583,1525
584,1525
585,1525
587,1525
597,1525
598,1525
602,1525
607,1525
608,1525
614,1525
616,1525
617,1525
618,1525
619,1525
620,1525
632,1525
633,1525
638,1525
640,1525
642,1525
643,1525
671,1525
672,1525
676,1525
679,1525
683,1525
688,1525
692,1525
697,1525
705,1525
706,1525
714,1525
716,1525
721,1525
723,1525
724,1525
730,1525
732,1525
733,1525
739,1525
740,1525
750,1525
751,1525
752,1525
754,1525
755,1525
761,1525
762,1525
767,1525
770,1525
772,1525
779,1525
780,1525
781,1525
792,1525
795,1525
803,1525
811,1525
815,1525
823,1525
825,1525
826,1525
843,1525
849,1525
850,1525
859,1525
861,1525
868,1525
870,1525
871,1525
877,1525
883,1525
887,1525
888,1525
894,1525
896,1525
901,1525
904,1525
912,1525
913,1525
923,1525
928,1525
929,1525
933,1525
935,1525
938,1525
940,1525
941,1525
942,1525
944,1525
948,1525
949,1525
954,1525
956,1525
958,1525
960,1525
962,1525
965,1525
966,1525
972,1525
979,1525
984,1525
986,1525
987,1525
988,1525
989,1525
990,1525
995,1525
996,1525
997,1525
1010,1525
1016,1525
1017,1525
1018,1525
1023,1525
1026,1525
1027,1525
1031,1525
1035,1525
1037,1525
1042,1525
1049,1525
1050,1525
1055,1525
1057,1525
1058,1525
1059,1525
1060,1525
1066,1525
1076,1525
1082,1525
1083,1525
1087,1525
1088,1525
1089,1525
1099,1525
1123,1525
1124,1525
1125,1525
1127,1525
1134,1525
1138,1525
1139,1525
1141,1525
1150,1525
1153,1525
1160,1525
1163,1525
1169,1525
1171,1525
1180,1525
1187,1525
1192,1525
1193,1525
1198,1525
1199,1525
1200,1525
1219,1525
1221,1525
1222,1525
1223,1525
1224,1525
1225,1525
1228,1525
1231,1525
1235,1525
1238,1525
1239,1525
1240,1525
1241,1525
1242,1525
1243,1525
1246,1525
1248,1525
1249,1525
1252,1525
1253,1525
1254,1525
1257,1525
1263,1525
1267,1525
1268,1525
1270,1525
1271,1525
1276,1525
1277,1525
1278,1525
1279,1525
1283,1525
1285,1525
1287,1525
1290,1525
1294,1525
1295,1525
1297,1525
1303,1525
1315,1525
1321,1525
1322,1525
1323,1525
1324,1525
1328,1525
1331,1525
1334,1525
1337,1525
1338,1525
1341,1525
1342,1525
1343,1525
1352,1525
1354,1525
1365,1525
1371,1525
1375,1525
1376,1525
1377,1525
1387,1525
1388,1525
1389,1525
1394,1525
1398,1525
1400,1525
1402,1525
1405,1525
1408,1525
1416,1525
1419,1525
1420,1525
1422,1525
1424,1525
1425,1525
1430,1525
1437,1525
1441,1525
1445,1525
1451,1525
1453,1525
1454,1525
1457,1525
1460,1525
1464,1525
1466,1525
1468,1525
1474,1525
1481,1525
1483,1525
1488,1525
1489,1525
1490,1525
1496,1525
1497,1525
1499,1525
1501,1525
1502,1525
1503,1525
1505,1525
1506,1525
1508,1525
1516,1525
1517,1525
1522,1525
1523,1525
1524,1525
1526,1525
1529,1525
1530,1525
1531,1525
1534,1525
1552,1525
1553,1525
1555,1525
1558,1525
1560,1525
1562,1525
1563,1525
1564,1525
1565,1525
1566,1525
1568,1525
1569,1525
1571,1525
1572,1525
1577,1525
1585,1525
1587,1525
1595,1525
1599,1525
1613,1525
1621,1525
1622,1525
1623,1525
1624,1525
1635,1525
1637,1525
1642,1525
1655,1525
1658,1525
1659,1525
1663,1525
1666,1525
1667,1525
1675,1525
1687,1525
1688,1525
1690,1525
1691,1525
1692,1525
1693,1525
1694,1525
1695,1525
1696,1525
1697,1525
1698,1525
1699,1525
1700,1525
1705,1525
1709,1525
1712,1525
1713,1525
1714,1525
1716,1525
1717,1525
1719,1525
1724,1525
1730,1525
1737,1525
1738,1525
1743,1525
1750,1525
1754,1525
1758,1525
1759,1525
1760,1525
1761,1525
1762,1525
1764,1525
1765,1525
1771,1525
1772,1525
1779,1525
1780,1525
1783,1525
1786,1525
1796,1525
1805,1525
1809,1525
1810,1525
1814,1525
1816,1525
1821,1525
1834,1525
1835,1525
1837,1525
1838,1525
1841,1525
1844,1525
1851,1525
1857,1525
1859,1525
1860,1525
1865,1525
1866,1525
1868,1525
1872,1525
1875,1525
1879,1525
1884,1525
1888,1525
1896,1525
1899,1525
1900,1525
1907,1525
1908,1525
1911,1525
1912,1525
1921,1525
1923,1525
1927,1525
1929,1525
1930,1525
1931,1525
1932,1525
1933,1525
1940,1525
1941,1525
1944,1525
1945,1525
1966,1525
1977,1525
1981,1525
1989,1525
1990,1525
1992,1525
1998,1525
1999,1525
2000,1525
2005,1525
2008,1525
2009,1525
2011,1525
2015,1525
2017,1525
2020,1525
2021,1525
2027,1525
2028,1525
2032,1525
2034,1525
2035,1525
2041,1525
2042,1525
2051,1525
2055,1525
2059,1525
2060,1525
2066,1525
2072,1525
2074,1525
2075,1525
2076,1525
2078,1525
2079,1525
2080,1525
2081,1525
2084,1525
2087,1525
2088,1525
2092,1525
2096,1525
2100,1525
2102,1525
2103,1525
2104,1525
2107,1525
2108,1525
2112,1525
2117,1525
2118,1525
2120,1525
2123,1525
2124,1525
2126,1525
2151,1525
2153,1525
2156,1525
2157,1525
2158,1525
2159,1525
2164,1525
2167,1525
2168,1525
2169,1525
2170,1525
2179,1525
2184,1525
2186,1525
2191,1525
2204,1525
2206,1525
2214,1525
2216,1525
2217,1525
2219,1525
2221,1525
2223,1525
2225,1525
2227,1525
2231,1525
2234,1525
2236,1525
2244,1525
2246,1525
2249,1525
2250,1525
2252,1525
2257,1525
2258,1525
2259,1525
2263,1525
2264,1525
2266,1525
2269,1525
2271,1525
2277,1525
2279,1525
2283,1525
2293,1525
2312,1525
2313,1525
2314,1525
2316,1525
2316,1525
2319,1525
2321,1525
2322,1525
2323,1525
2329,1525
2330,1525
2339,1525
2341,1525
2342,1525
2345,1525
2346,1525
2351,1525
2353,1525
2355,1525
2360,1525
2361,1525
2362,1525
2368,1525
2371,1525
2380,1525
2382,1525
2383,1525
2394,1525
2404,1525
2411,1525
2412,1525
2413,1525
2415,1525
2418,1525
2421,1525
2428,1525
2432,1525
2434,1525
2440,1525
2441,1525
2448,1525
2453,1525
2457,1525
2463,1525
2464,1525
2466,1525
2480,1525
2481,1525
2482,1525
2483,1525
2484,1525
2485,1525
2487,1525
2488,1525
2495,1525
2496,1525
2500,1525
2505,1525
2506,1525
2507,1525
2508,1525
2509,1525
2513,1525
2516,1525
2518,1525
2520,1525
2522,1525
2523,1525
2525,1525
2534,1525
2535,1525
2538,1525
2539,1525
2540,1525
2541,1525
2543,1525
2544,1525
2545,1525
2546,1525
2547,1525
2549,1525
2560,1525
2561,1525
2567,1525
2572,1525
2578,1525
2579,1525
2583,1525
2585,1525
2587,1525
2588,1525
2589,1525
2590,1525
2597,1525
2601,1525
2615,1525
2617,1525
2621,1525
2627,1525
2629,1525
2630,1525
2631,1525
2632,1525
2635,1525
2636,1525
2639,1525
2641,1525
2644,1525
2646,1525
2647,1525
2650,1525
2654,1525
2655,1525
2657,1525
2663,1525
2664,1525
2675,1525
2678,1525
2679,1525
2680,1525
2682,1525
2683,1525
2685,1525
2687,1525
2688,1525
2690,1525
2691,1525
2694,1525
2696,1525
2697,1525
2698,1525
2700,1525
2701,1525
2702,1525
2703,1525
2711,1525
2713,1525
2716,1525
2722,1525
2724,1525
2725,1525
2726,1525
2729,1525
2731,1525
2733,1525
2736,1525
2737,1525
2738,1525
2740,1525
2741,1525
2743,1525
2745,1525
2746,1525
2750,1525
2753,1525
2756,1525
2760,1525
2763,1525
2764,1525
2766,1525
2769,1525
2771,1525
2773,1525
2774,1525
2781,1525
2783,1525
2788,1525
2793,1525
2794,1525
2800,1525
2806,1525
2809,1525
2812,1525
2815,1525
2822,1525
2828,1525
2834,1525
2835,1525
2839,1525
2845,1525
2850,1525
2856,1525
2859,1525
2863,1525
2864,1525
2865,1525
2866,1525
2869,1525
2871,1525
2872,1525
2873,1525
2878,1525
2883,1525
2886,1525
2888,1525
2889,1525
2901,1525
2905,1525
2906,1525
2908,1525
2911,1525
2912,1525
2913,1525
2914,1525
2915,1525
2917,1525
2918,1525
2919,1525
2920,1525
2922,1525
2926,1525
2927,1525
2928,1525
2933,1525
2935,1525
2938,1525
2939,1525
2942,1525
2945,1525
2946,1525
2947,1525
2951,1525
2957,1525
2958,1525
2967,1525
2970,1525
2971,1525
2977,1525
2979,1525
2981,1525
2987,1525
2988,1525
2989,1525
2991,1525
2992,1525
2993,1525
2999,1525
3003,1525
3006,1525
3007,1525
3009,1525
3010,1525
3017,1525
3020,1525
3022,1525
3023,1525
3025,1525
3027,1525
3030,1525
3034,1525
3035,1525
3038,1525
3042,1525
3044,1525
3047,1525
3048,1525
3049,1525
3053,1525
3054,1525
3058,1525
3061,1525
3064,1525
3065,1525
3066,1525
3067,1525
3070,1525
3073,1525
3074,1525
3075,1525
3079,1525
3080,1525
3081,1525
3082,1525
3083,1525
3084,1525
3085,1525
3087,1525
3089,1525
3091,1525
3093,1525
3095,1525
3097,1525
3107,1525
3109,1525
3114,1525
3115,1525
3116,1525
3119,1525
3124,1525
3127,1525
3134,1525
3139,1525
3139,1525
3140,1525
3141,1525
3142,1525
3144,1525
3146,1525
3155,1525
3159,1525
3161,1525
3162,1525
3163,1525
3164,1525
3167,1525
3171,1525
3174,1525
3175,1525
3178,1525
3180,1525
3188,1525
3195,1525
3199,1525
3200,1525
3203,1525
3204,1525
3205,1525
3211,1525
3212,1525
3214,1525
3216,1525
3217,1525
3223,1525
3224,1525
3227,1525
3228,1525
3229,1525
3230,1525
3238,1525
3239,1525
3241,1525
3246,1525
3247,1525
3250,1525
3252,1525
3254,1525
3254,1525
3255,1525
3258,1525
3259,1525
3260,1525
3261,1525
3262,1525
3264,1525
3268,1525
3272,1525
3276,1525
3277,1525
3278,1525
3280,1525
3281,1525
3284,1525
3294,1525
3297,1525
3302,1525
3309,1525
3312,1525
3313,1525
3317,1525
3318,1525
3320,1525
3322,1525
3326,1525
3328,1525
3332,1525
3336,1525
3338,1525
3341,1525
3345,1525
3346,1525
3347,1525
3352,1525
3356,1525
3363,1525
3364,1525
3367,1525
3369,1525
3376,1525
3385,1525
3387,1525
3390,1525
3395,1525
3396,1525
3397,1525
3403,1525
3412,1525
3414,1525
3416,1525
3418,1525
3421,1525
3427,1525
3430,1525
3431,1525
3432,1525
3434,1525
3435,1525
3436,1525
3437,1525
3438,1525
3449,1525
3457,1525
3458,1525
3461,1525
3462,1525
3473,1525
3475,1525
3476,1525
3479,1525
3480,1525
3485,1525
3486,1525
3487,1525
3489,1525
3495,1525
3502,1525
3504,1525
3506,1525
3510,1525
3510,1525
3521,1525
3524,1525
3532,1525
3538,1525
3539,1525
3542,1525
3548,1525
3549,1525
3551,1525
3552,1525
3555,1525
3562,1525
3571,1525
3572,1525
3575,1525
3578,1525
3584,1525
3597,1525
3599,1525
3601,1525
3605,1525
3607,1525
3610,1525
3616,1525
3620,1525
3623,1525
3624,1525
3627,1525
3628,1525
3629,1525
3630,1525
3633,1525
3637,1525
3640,1525
3661,1525
3662,1525
3663,1525
3675,1525
3676,1525
3677,1525
3679,1525
3688,1525
3693,1525
3702,1525
3705,1525
3707,1525
3708,1525
3711,1525
3716,1525
3719,1525
3722,1525
3723,1525
3727,1525
3730,1525
3731,1525
3732,1525
3733,1525
3735,1525
3737,1525
3738,1525
3741,1525
3745,1525
3748,1525
3752,1525
3755,1525
3760,1525
3762,1525
3763,1525
3775,1525
3784,1525
3786,1525
3794,1525
3807,1525
3811,1525
3812,1525
3817,1525
3821,1525
3824,1525
3826,1525
3831,1525
3833,1525
3834,1525
3836,1525
3840,1525
3845,1525
3848,1525
3850,1525
3851,1525
3861,1525
3863,1525
3871,1525
3873,1525
3874,1525
3879,1525
3884,1525
3887,1525
3888,1525
3892,1525
3898,1525
3900,1525
3907,1525
3909,1525
3910,1525
3911,1525
3912,1525
3915,1525
3916,1525
3943,1525
3943,1525
3944,1525
3945,1525
3954,1525
3964,1525
3967,1525
3968,1525
3969,1525
3970,1525
3975,1525
3979,1525
3983,1525
3985,1525
3990,1525
3991,1525
3994,1525
3995,1525
3996,1525
3998,1525
3999,1525
4001,1525
4003,1525
4018,1525
4021,1525
4029,1525
4030,1525
4043,1525
4053,1525
4055,1525
4060,1525
4064,1525
4067,1525
4074,1525
4097,1525
4107,1525
4110,1525
4111,1525
4113,1525
4115,1525
4120,1525
4128,1525
4134,1525
4135,1525
4137,1525
4138,1525
4142,1525
4145,1525
4148,1525
4152,1525
4154,1525
4155,1525
4159,1525
4162,1525
4163,1525
4167,1525
4174,1525
4175,1525
4176,1525
4179,1525
4184,1525
4187,1525
4191,1525
4195,1525
4199,1525
4204,1525
4205,1525
4209,1525
4212,1525
4213,1525
4216,1525
4217,1525
4218,1525
4220,1525
4222,1525
4223,1525
4225,1525
4227,1525
4228,1525
4232,1525
4234,1525
4236,1525
4252,1525
4254,1525
4255,1525
4256,1525
4260,1525
4261,1525
4264,1525
4267,1525
4272,1525
4273,1525
4279,1525
4283,1525
4285,1525
4289,1525
4290,1525
4292,1525
4294,1525
4296,1525
4297,1525
4298,1525
4300,1525
4308,1525
4311,1525
4312,1525
4315,1525
4322,1525
4324,1525
4325,1525
4327,1525
4330,1525
4331,1525
4336,1525
4341,1525
4342,1525
4344,1525
4346,1525
4352,1525
4359,1525
4364,1525
4367,1525
4368,1525
4369,1525
4370,1525
4372,1525
4373,1525
4374,1525
4377,1525
4380,1525
4386,1525
4389,1525
4390,1525
4396,1525
4401,1525
4406,1525
4411,1525
4421,1525
4423,1525
4424,1525
4425,1525
4426,1525
4427,1525
4429,1525
4431,1525
4432,1525
4436,1525
4444,1525
4448,1525
4449,1525
4455,1525
4457,1525
4459,1525
4462,1525
4463,1525
4466,1525
4469,1525
4473,1525
4475,1525
4476,1525
4477,1525
4478,1525
4483,1525
4485,1525
4487,1525
4492,1525
4496,1525
4497,1525
4500,1525
4504,1525
4505,1525
4506,1525
4512,1525
4514,1525
4515,1525
4522,1525
4525,1525
4526,1525
4527,1525
4536,1525
4537,1525
4540,1525
4541,1525
4543,1525
4544,1525
4549,1525
4550,1525
4553,1525
4557,1525
4558,1525
4565,1525
4574,1525
4576,1525
4577,1525
4581,1525
4583,1525
4586,1525
4588,1525
4590,1525
4591,1525
4592,1525
4593,1525
4595,1525
4597,1525
4598,1525
4599,1525
4601,1525
4602,1525
4603,1525
4604,1525
4605,1525
4606,1525
4607,1525
4608,1525
4612,1525
4615,1525
4618,1525
4621,1525
4622,1525
4623,1525
4629,1525
4633,1525
4634,1525
4635,1525
4636,1525
4637,1525
4638,1525
4641,1525
4644,1525
4645,1525
4646,1525
4647,1525
4648,1525
4649,1525
4650,1525
4655,1525
4664,1525
4665,1525
4669,1525
4670,1525
4673,1525
4683,1525
4685,1525
4687,1525
4688,1525
4694,1525
4695,1525
4697,1525
4699,1525
4701,1525
4707,1525
4710,1525
4718,1525
4719,1525
4720,1525
4721,1525
4722,1525
4725,1525
4730,1525
4734,1525
4736,1525
4737,1525
4738,1525
4741,1525
4745,1525
4747,1525
4748,1525
4750,1525
4751,1525
4753,1525
4754,1525
4755,1525
4756,1525
4758,1525
4759,1525
4760,1525
4761,1525
4762,1525
4763,1525
4765,1525
4767,1525
4770,1525
4774,1525
4775,1525
4776,1525
4778,1525
4779,1525
4780,1525
4782,1525
4784,1525
4787,1525
4789,1525
4790,1525
4791,1525
4792,1525
4793,1525
4794,1525
4796,1525
4797,1525
4798,1525
4801,1525
4803,1525
4807,1525
4808,1525
4810,1525
4814,1525
4819,1525
4820,1525
4823,1525
4824,1525
4825,1525
4826,1525
4827,1525
4828,1525
4829,1525
4835,1525
4836,1525
4837,1525
4839,1525
4840,1525
4848,1525
4853,1525
4859,1525
4860,1525
4869,1525
4870,1525
4871,1525
4873,1525
4886,1525
4887,1525
4889,1525
4890,1525
4893,1525
4894,1525
4896,1525
4897,1525
4897,1525
4901,1525
4905,1525
4906,1525
4908,1525
4912,1525
4916,1525
4925,1525
4930,1525
4936,1525
4937,1525
4939,1525
4940,1525
4944,1525
4947,1525
4948,1525
4954,1525
4961,1525
4963,1525
4964,1525
4965,1525
4966,1525
4969,1525
4972,1525
4980,1525
4986,1525
4987,1525
4995,1525
4997,1525
5000,1525
5007,1525
5009,1525
5010,1525
5012,1525
5015,1525
5016,1525
5017,1525
5018,1525
5019,1525
5027,1525
5029,1525
5030,1525
5031,1525
5033,1525
5036,1525
5040,1525
5041,1525
5042,1525
5044,1525
5049,1525
5051,1525
5053,1525
5055,1525
5058,1525
5060,1525
5061,1525
5062,1525
5063,1525
5064,1525
5066,1525
5069,1525
5070,1525
5072,1525
5074,1525
5078,1525
5081,1525
5086,1525
5093,1525
5093,1525
5099,1525
5102,1525
5107,1525
5108,1525
5109,1525
5113,1525
5118,1525
5119,1525
5123,1525
5125,1525
5136,1525
5142,1525
5146,1525
5155,1525
5157,1525
5158,1525
5159,1525
5160,1525
5161,1525
5162,1525
5165,1525
5166,1525
5185,1525
5186,1525
5187,1525
5189,1525
5202,1525
5203,1525
5204,1525
5206,1525
5208,1525
5211,1525
5215,1525
5217,1525
5220,1525
5228,1525
5236,1525
5242,1525
5244,1525
5245,1525
5247,1525
5248,1525
5255,1525
5260,1525
5261,1525
5266,1525
5268,1525
5269,1525
5272,1525
5273,1525
5274,1525
5275,1525
5276,1525
5277,1525
5278,1525
5280,1525
5281,1525
5282,1525
5283,1525
5284,1525
5286,1525
5287,1525
5300,1525
5305,1525
5308,1525
5313,1525
5314,1525
5316,1525
5318,1525
5325,1525
5327,1525
5328,1525
5330,1525
5332,1525
5333,1525
5334,1525
5335,1525
5336,1525
5338,1525
5342,1525
5343,1525
5344,1525
5346,1525
5347,1525
5350,1525
5351,1525
5355,1525
5357,1525
5358,1525
5361,1525
5366,1525
5370,1525
5372,1525
5374,1525
5387,1525
5391,1525
5394,1525
5397,1525
5399,1525
5401,1525
5402,1525
5415,1525
5418,1525
5421,1525
5423,1525
5428,1525
5430,1525
5431,1525
5432,1525
5433,1525
5435,1525
5436,1525
5440,1525
5442,1525
5443,1525
5445,1525
5452,1525
5453,1525
5455,1525
5458,1525
5461,1525
5469,1525
5474,1525
5475,1525
5476,1525
5479,1525
5481,1525
5488,1525
5489,1525
5490,1525
5492,1525
5504,1525
5510,1525
5511,1525
5527,1525
5531,1525
5533,1525
5534,1525
5536,1525
5538,1525
5540,1525
5544,1525
5549,1525
5553,1525
5562,1525
5565,1525
5566,1525
5568,1525
5574,1525
5579,1525
5586,1525
5596,1525
5599,1525
5601,1525
5609,1525
5614,1525
5616,1525
5617,1525
5620,1525
5621,1525
5624,1525
5627,1525
5629,1525
5632,1525
5636,1525
5637,1525
5645,1525
5646,1525
5649,1525
5654,1525
5656,1525
5657,1525
5658,1525
5659,1525
5661,1525
5663,1525
5664,1525
5667,1525
5671,1525
5674,1525
5675,1525
5676,1525
5677,1525
5678,1525
5679,1525
5682,1525
5685,1525
5686,1525
5687,1525
5700,1525
5710,1525
5711,1525
5720,1525
5723,1525
5724,1525
5734,1525
5738,1525
5741,1525
5746,1525
5749,1525
5754,1525
5758,1525
5760,1525
5762,1525
5764,1525
5766,1525
5768,1525
5770,1525
5771,1525
5773,1525
5781,1525
5782,1525
5792,1525
5797,1525
5799,1525
5803,1525
5820,1525
5821,1525
5828,1525
5829,1525
5831,1525
5832,1525
5833,1525
5836,1525
5838,1525
5842,1525
5843,1525
5853,1525
5854,1525
5856,1525
5857,1525
5858,1525
5862,1525
5863,1525
5865,1525
5866,1525
5868,1525
5869,1525
5871,1525
5872,1525
5874,1525
5875,1525
5882,1525
5887,1525
5888,1525
5890,1525
5891,1525
5892,1525
5893,1525
5894,1525
5894,1525
5895,1525
5895,1525
5896,1525
5901,1525
5902,1525
5903,1525
5904,1525
5905,1525
5907,1525
5908,1525
5914,1525
5921,1525
5922,1525
5924,1525
5929,1525
5930,1525
5932,1525
5939,1525
5949,1525
5951,1525
5959,1525
5961,1525
5964,1525
5965,1525
5966,1525
5970,1525
5971,1525
5974,1525
5979,1525
5981,1525
5984,1525
5985,1525
5986,1525
5988,1525
5991,1525
5992,1525
6000,1525
6003,1525
6006,1525
6008,1525
6011,1525
6013,1525
6014,1525
6016,1525
6023,1525
6026,1525
6030,1525
6031,1525
6033,1525
6035,1525
6038,1525
6043,1525
6045,1525
6049,1525
6051,1525
6053,1525
6056,1525
6059,1525
6062,1525
6066,1525
6075,1525
6083,1525
6086,1525
6089,1525
6091,1525
6092,1525
6093,1525
6098,1525
6101,1525
6106,1525
6107,1525
6108,1525
6112,1525
6113,1525
6116,1525
6119,1525
6121,1525
6127,1525
6128,1525
6130,1525
6131,1525
6136,1525
6137,1525
6141,1525
6142,1525
6144,1525
6157,1525
6161,1525
6163,1525
6166,1525
6169,1525
6171,1525
6173,1525
6177,1525
6181,1525
6182,1525
6183,1525
6186,1525
6193,1525
6197,1525
6198,1525
6199,1525
6200,1525
6202,1525
6207,1525
6211,1525
6212,1525
6221,1525
6223,1525
6225,1525
6231,1525
6238,1525
6240,1525
6246,1525
6250,1525
6251,1525
6253,1525
6254,1525
6257,1525
6259,1525
6263,1525
6265,1525
6266,1525
6268,1525
6271,1525
6272,1525
6273,1525
6274,1525
6275,1525
6279,1525
6280,1525
6286,1525
6289,1525
6291,1525
6292,1525
6293,1525
6294,1525
6296,1525
6297,1525
6310,1525
6314,1525
6322,1525
6328,1525
6330,1525
6333,1525
6346,1525
6347,1525
6349,1525
6354,1525
6356,1525
6358,1525
6363,1525
6367,1525
6369,1525
6373,1525
6379,1525
6385,1525
6386,1525
6387,1525
6388,1525
6393,1525
6394,1525
6396,1525
6397,1525
6397,1525
6398,1525
6407,1525
6410,1525
6413,1525
6415,1525
6422,1525
6426,1525
6429,1525
6430,1525
6432,1525
6438,1525
6440,1525
6442,1525
6447,1525
6448,1525
6452,1525
6455,1525
6457,1525
6459,1525
6463,1525
6466,1525
6478,1525
6479,1525
6487,1525
6492,1525
6494,1525
6495,1525
6502,1525
6504,1525
6505,1525
6506,1525
6507,1525
6509,1525
6512,1525
6513,1525
6514,1525
6519,1525
6522,1525
6523,1525
6525,1525
6527,1525
6529,1525
6534,1525
6537,1525
6538,1525
6539,1525
6540,1525
6541,1525
6544,1525
6546,1525
6547,1525
6551,1525
6554,1525
6555,1525
6558,1525
6561,1525
6563,1525
6566,1525
6568,1525
6569,1525
6572,1525
6574,1525
6575,1525
6584,1525
6590,1525
6592,1525
6606,1525
6612,1525
6614,1525
6616,1525
6617,1525
6622,1525
6626,1525
6628,1525
6629,1525
6630,1525
6633,1525
6641,1525
6642,1525
6646,1525
6647,1525
6650,1525
6652,1525
6654,1525
6656,1525
6660,1525
6661,1525
6662,1525
6664,1525
6665,1525
6668,1525
6670,1525
6671,1525
6672,1525
6675,1525
6676,1525
6677,1525
6679,1525
6681,1525
6682,1525
6686,1525
6689,1525
6690,1525
6691,1525
6694,1525
6696,1525
6697,1525
6704,1525
6710,1525
6721,1525
6722,1525
6726,1525
6728,1525
6730,1525
6731,1525
6732,1525
6735,1525
6739,1525
6741,1525
6742,1525
6743,1525
6745,1525
6746,1525
6748,1525
6756,1525
6758,1525
6759,1525
6761,1525
6764,1525
6773,1525
6776,1525
6787,1525
6790,1525
6792,1525
6794,1525
6795,1525
6796,1525
6799,1525
6802,1525
6803,1525
6805,1525
6810,1525
6815,1525
6824,1525
6831,1525
6832,1525
6835,1525
6839,1525
6843,1525
6847,1525
6849,1525
6852,1525
6853,1525
6854,1525
6856,1525
6858,1525
6863,1525
6866,1525
6868,1525
6872,1525
6876,1525
6877,1525
6883,1525
6885,1525
6886,1525
6888,1525
6889,1525
6891,1525
6896,1525
6902,1525
6904,1525
6907,1525
6909,1525
6910,1525
6911,1525
6916,1525
6920,1525
6922,1525
6926,1525
6928,1525
6931,1525
6939,1525
6948,1525
6949,1525
6950,1525
6963,1525
6967,1525
6969,1525
6975,1525
6976,1525
6978,1525
6985,1525
6987,1525
7010,1525
7014,1525
7017,1525
7018,1525
7020,1525
7026,1525
7029,1525
7030,1525
7032,1525
7033,1525
7037,1525
7039,1525
7042,1525
7046,1525
7047,1525
7049,1525
7051,1525
7055,1525
7056,1525
7057,1525
7058,1525
7061,1525
7065,1525
7069,1525
7072,1525
7074,1525
7082,1525
7088,1525
7092,1525
7093,1525
7104,1525
7106,1525
7116,1525
7121,1525
7121,1525
7125,1525
7126,1525
7126,1525
7127,1525
7132,1525
7137,1525
7138,1525
7142,1525
7146,1525
7147,1525
7154,1525
7156,1525
7163,1525
7168,1525
7179,1525
7181,1525
7203,1525
7205,1525
7213,1525
7221,1525
7223,1525
7231,1525
7234,1525
7236,1525
7239,1525
7241,1525
7247,1525
7249,1525
7251,1525
7253,1525
7258,1525
7260,1525
7266,1525
7269,1525
7271,1525
7272,1525
7281,1525
7281,1525
7284,1525
7286,1525
7287,1525
7289,1525
7291,1525
7293,1525
7299,1525
7300,1525
7307,1525
7308,1525
7309,1525
7317,1525
7318,1525
7321,1525
7322,1525
7323,1525
7325,1525
7327,1525
7331,1525
7336,1525
7338,1525
7339,1525
7350,1525
7356,1525
7358,1525
7360,1525
7368,1525
7369,1525
7370,1525
7375,1525
7376,1525
7377,1525
7378,1525
7379,1525
7386,1525
7387,1525
7388,1525
7390,1525
7394,1525
7395,1525
7396,1525
7398,1525
7399,1525
7400,1525
7406,1525
7412,1525
7413,1525
7414,1525
7415,1525
7417,1525
7424,1525
7425,1525
7427,1525
7430,1525
7431,1525
7439,1525
7445,1525
7448,1525
7450,1525
7452,1525
7457,1525
7463,1525
7464,1525
7468,1525
7476,1525
7477,1525
7483,1525
7487,1525
7490,1525
7492,1525
7494,1525
7498,1525
7508,1525
7510,1525
7511,1525
7513,1525
7515,1525
7516,1525
7521,1525
7522,1525
7523,1525
7524,1525
7529,1525
7532,1525
7534,1525
7538,1525
7541,1525
7544,1525
7551,1525
7553,1525
7554,1525
7557,1525
7565,1525
7581,1525
7591,1525
7592,1525
7596,1525
7599,1525
7604,1525
7604,1525
7605,1525
7607,1525
7609,1525
7610,1525
7611,1525
7617,1525
7619,1525
7625,1525
7626,1525
7628,1525
7631,1525
7633,1525
7635,1525
7636,1525
7637,1525
7642,1525
7651,1525
7652,1525
7655,1525
7660,1525
7661,1525
7671,1525
7672,1525
7675,1525
7692,1525
7693,1525
7695,1525
7698,1525
7709,1525
7710,1525
7730,1525
7731,1525
7736,1525
7740,1525
7743,1525
7745,1525
7764,1525
7767,1525
7769,1525
7772,1525
7773,1525
7775,1525
7778,1525
7779,1525
7781,1525
7782,1525
7784,1525
7788,1525
7789,1525
7801,1525
7810,1525
7815,1525
7819,1525
7821,1525
7826,1525
7841,1525
7842,1525
7844,1525
7846,1525
7847,1525
7853,1525
7861,1525
7862,1525
7866,1525
7872,1525
7880,1525
7886,1525
7889,1525
7892,1525
7899,1525
7901,1525
7902,1525
7908,1525
7911,1525
7921,1525
7924,1525
7925,1525
7926,1525
7930,1525
7931,1525
7933,1525
7935,1525
7937,1525
7938,1525
7941,1525
7949,1525
7954,1525
7958,1525
7961,1525
7962,1525
7964,1525
7971,1525
7978,1525
7979,1525
7981,1525
7982,1525
7983,1525
7984,1525
7986,1525
7989,1525
7991,1525
7996,1525
7997,1525
8000,1525
8002,1525
8004,1525
8007,1525
8008,1525
8009,1525
8010,1525
8013,1525
8017,1525
8019,1525
8024,1525
8045,1525
8049,1525
8050,1525
8051,1525
8056,1525
8067,1525
8068,1525
8078,1525
8081,1525
8084,1525
8085,1525
8086,1525
8106,1525
8113,1525
8117,1525
8120,1525
8126,1525
8133,1525
8137,1525
8138,1525
8139,1525
8140,1525
8144,1525
8146,1525
8147,1525
8149,1525
8151,1525
8152,1525
8153,1525
8162,1525
8167,1525
8168,1525
8170,1525
8179,1525
8191,1525
8192,1525
8193,1525
8201,1525
8203,1525
8207,1525
8209,1525
8211,1525
8214,1525
8216,1525
8219,1525
8222,1525
8224,1525
8228,1525
8236,1525
8237,1525
8240,1525
8246,1525
8250,1525
8251,1525
8255,1525
8258,1525
8259,1525
8260,1525
8261,1525
8267,1525
8268,1525
8270,1525
8274,1525
8275,1525
8277,1525
8280,1525
8283,1525
8285,1525
8286,1525
8289,1525
8297,1525
8298,1525
8300,1525
8302,1525
8303,1525
8303,1525
8305,1525
8306,1525
8307,1525
8310,1525
8312,1525
8315,1525
8316,1525
8319,1525
8321,1525
8323,1525
8325,1525
8326,1525
8328,1525
8329,1525
8333,1525
8336,1525
8336,1525
8338,1525
8342,1525
8355,1525
8358,1525
8361,1525
8377,1525
8382,1525
8383,1525
8384,1525
8386,1525
8398,1525
8403,1525
8404,1525
8407,1525
8410,1525
8419,1525
8423,1525
8426,1525
8427,1525
8428,1525
8431,1525
8435,1525
8439,1525
8441,1525
8442,1525
8444,1525
8448,1525
8465,1525
8469,1525
8471,1525
8473,1525
8478,1525
8479,1525
8486,1525
8487,1525
8488,1525
8489,1525
8490,1525
8491,1525
8497,1525
8503,1525
8506,1525
8509,1525
8519,1525
8536,1525
8538,1525
8539,1525
8544,1525
8546,1525
8549,1525
8552,1525
8553,1525
8555,1525
8557,1525
8563,1525
8570,1525
8571,1525
8574,1525
8575,1525
8576,1525
8582,1525
8587,1525
8588,1525
8591,1525
8592,1525
8593,1525
8601,1525
8605,1525
8609,1525
8610,1525
8611,1525
8612,1525
8616,1525
8622,1525
8624,1525
8625,1525
8627,1525
8636,1525
8639,1525
8645,1525
8654,1525
8658,1525
8659,1525
8660,1525
8664,1525
8665,1525
8668,1525
8671,1525
8678,1525
8682,1525
8687,1525
8689,1525
8690,1525
8694,1525
8695,1525
8698,1525
8702,1525
8705,1525
8707,1525
8712,1525
8714,1525
8715,1525
8718,1525
8720,1525
8722,1525
8723,1525
8725,1525
8729,1525
8731,1525
8733,1525
8736,1525
8739,1525
8741,1525
8743,1525
8746,1525
8750,1525
8751,1525
8755,1525
8756,1525
8758,1525
8766,1525
8768,1525
8776,1525
8779,1525
8783,1525
8784,1525
8785,1525
8786,1525
8787,1525
8792,1525
8796,1525
8798,1525
8813,1525
8817,1525
8820,1525
8837,1525
8840,1525
8841,1525
8846,1525
8846,1525
8848,1525
8854,1525
8857,1525
8861,1525
8866,1525
8868,1525
8872,1525
8873,1525
8876,1525
8877,1525
8879,1525
8881,1525
8882,1525
8883,1525
8884,1525
8885,1525
8886,1525
8888,1525
8895,1525
8897,1525
8898,1525
8899,1525
8903,1525
8905,1525
8913,1525
8914,1525
8915,1525
8916,1525
8918,1525
8920,1525
8921,1525
8922,1525
8926,1525
8929,1525
8932,1525
8936,1525
8943,1525
8944,1525
8945,1525
8946,1525
8951,1525
8959,1525
8965,1525
8966,1525
8969,1525
8974,1525
8978,1525
8981,1525
8983,1525
8991,1525
8992,1525
8998,1525
9000,1525
9003,1525
9012,1525
9013,1525
9015,1525
9019,1525
9025,1525
9026,1525
9028,1525
9029,1525
9034,1525
9044,1525
9046,1525
9047,1525
9048,1525
9053,1525
9054,1525
9058,1525
9060,1525
9061,1525
9062,1525
9068,1525
9069,1525
9070,1525
9071,1525
9074,1525
9075,1525
9076,1525
9079,1525
9080,1525
9081,1525
9082,1525
9084,1525
9085,1525
9086,1525
9087,1525
9091,1525
9095,1525
9099,1525
9103,1525
9104,1525
9105,1525
9108,1525
9109,1525
9112,1525
9117,1525
9117,1525
9118,1525
9123,1525
9124,1525
9127,1525
9130,1525
9135,1525
9145,1525
9157,1525
9159,1525
9167,1525
9174,1525
9175,1525
9176,1525
9177,1525
9179,1525
9180,1525
9183,1525
9187,1525
9202,1525
9205,1525
9209,1525
9225,1525
9229,1525
9232,1525
9234,1525
9237,1525
9239,1525
9240,1525
9242,1525
9248,1525
9249,1525
9251,1525
9252,1525
9253,1525
9255,1525
9258,1525
9261,1525
9266,1525
9273,1525
9278,1525
9283,1525
9284,1525
9287,1525
9293,1525
9299,1525
9303,1525
9305,1525
9306,1525
9307,1525
9313,1525
9321,1525
9322,1525
9331,1525
9339,1525
9346,1525
9349,1525
9350,1525
9351,1525
9352,1525
9362,1525
9365,1525
9370,1525
9372,1525
9375,1525
9380,1525
9384,1525
9385,1525
9386,1525
9387,1525
9389,1525
9393,1525
9396,1525
9405,1525
9407,1525
9413,1525
9423,1525
9429,1525
9438,1525
9439,1525
9445,1525
9446,1525
9448,1525
9448,1525
9449,1525
9451,1525
9454,1525
9459,1525
9460,1525
9494,1525
9499,1525
9504,1525
9514,1525
9517,1525
9527,1525
9532,1525
9545,1525
9547,1525
9548,1525
9553,1525
9556,1525
9560,1525
9560,1525
9566,1525
9568,1525
9571,1525
9574,1525
9577,1525
9578,1525
9588,1525
9595,1525
9604,1525
9607,1525
9608,1525
9610,1525
9611,1525
9617,1525
9631,1525
9638,1525
9646,1525
9649,1525
9659,1525
9671,1525
9680,1525
9681,1525
9684,1525
9685,1525
9687,1525
9691,1525
9692,1525
9694,1525
9698,1525
9700,1525
9702,1525
9703,1525
9706,1525
9710,1525
9714,1525
9719,1525
9729,1525
9733,1525
9734,1525
9735,1525
9739,1525
9750,1525
9751,1525
9753,1525
9754,1525
9759,1525
9760,1525
9762,1525
9763,1525
9764,1525
9777,1525
9787,1525
9790,1525
9806,1525
9807,1525
9814,1525
9817,1525
9822,1525
9827,1525
9831,1525
9832,1525
9854,1525
9858,1525
9864,1525
9880,1525
9886,1525
9899,1525
9902,1525
9904,1525
9914,1525
9926,1525
9930,1525
9931,1525
9939,1525
9952,1525
9953,1525
9961,1525
9964,1525
9982,1525
9991,1525
9993,1525
10001,1525
10004,1525
10007,1525
10008,1525
10017,1525
10018,1525
10022,1525
10023,1525
10030,1525
10036,1525
10039,1525
10053,1525
10054,1525
10066,1525
10067,1525
10079,1525
10080,1525
10081,1525
10091,1525
10092,1525
10113,1525
10118,1525
10121,1525
10123,1525
10124,1525
10136,1525
10144,1525
10146,1525
10152,1525
10166,1525
10169,1525
10170,1525
10174,1525
10191,1525
10192,1525
10201,1525
10211,1525
10217,1525
10230,1525
10240,1525
10242,1525
10271,1525
10275,1525
10278,1525
10296,1525
10299,1525
10302,1525
10304,1525
10306,1525
10315,1525
10337,1525
10340,1525
10356,1525
10361,1525
10363,1525
10365,1525
10366,1525
10370,1525
10380,1525
10385,1525
10396,1525
10398,1525
10399,1525
10403,1525
10422,1525
10425,1525
10426,1525
10430,1525
10432,1525
10441,1525
10448,1525
10456,1525
10457,1525
10460,1525
10462,1525
10468,1525
10476,1525
10480,1525
10481,1525
10494,1525
10494,1525
10499,1525
10513,1525
10514,1525
10521,1525
10522,1525
10531,1525
10540,1525
10541,1525
10544,1525
10553,1525
10573,1525
10575,1525
10581,1525
10590,1525
10613,1525
10618,1525
10621,1525
10640,1525
10642,1525
10643,1525
10645,1525
10648,1525
10659,1525
10660,1525
10666,1525
10678,1525
10691,1525
10693,1525
10701,1525
10707,1525
10714,1525
10719,1525
10726,1525
10741,1525
10750,1525
10756,1525
10757,1525
10758,1525
10763,1525
10768,1525
10773,1525
10778,1525
10781,1525
10783,1525
10790,1525
10798,1525
10808,1525
10814,1525
10826,1525
10832,1525
10841,1525
10845,1525
10846,1525
10848,1525
10856,1525
10880,1525
10882,1525
10886,1525
10907,1525
10930,1525
10951,1525
10957,1525
10968,1525
10973,1525
11006,1525
11013,1525
11021,1525
11022,1525
11022,1525
11030,1525
11031,1525
11036,1525
11037,1525
11068,1525
11082,1525
11119,1525
11119,1525
11124,1525
11138,1525
11139,1525
11195,1525
11218,1525
11225,1525
11236,1525
11238,1525
11257,1525
11266,1525
11268,1525
11271,1525
11295,1525
11306,1525
11321,1525
11335,1525
11336,1525
11343,1525
11345,1525
11347,1525
11354,1525
11368,1525
11369,1525
11375,1525
11381,1525
11385,1525
11393,1525
11398,1525
11401,1525
11402,1525
11403,1525
11404,1525
11406,1525
11408,1525
11411,1525
11421,1525
11426,1525
11427,1525
11433,1525
11452,1525
11459,1525
11460,1525
11461,1525
11475,1525
11476,1525
11479,1525
11483,1525
11484,1525
11485,1525
11506,1525
11531,1525
11554,1525
11556,1525
11559,1525
11564,1525
11565,1525
11566,1525
11572,1525
11576,1525
11576,1525
11580,1525
11581,1525
11593,1525
11597,1525
11604,1525
11605,1525
11606,1525
11614,1525
19,706
19,706
825,706
825,706
1524,706
1524,706
1865,706
1865,706
2957,706
2957,706
19,1324
825,1324
1246,1324
1524,1324
1865,1324
3216,1324
3826,1324
4167,1324
4370,1324
4558,1324
5242,1324
6730,1324
8536,1324
19,1208
24,1208
47,1208
48,1208
49,1208
50,1208
53,1208
61,1208
66,1208
67,1208
77,1208
86,1208
87,1208
88,1208
90,1208
93,1208
103,1208
113,1208
114,1208
126,1208
144,1208
145,1208
146,1208
162,1208
166,1208
172,1208
192,1208
193,1208
196,1208
199,1208
208,1208
214,1208
216,1208
222,1208
231,1208
240,1208
266,1208
273,1208
279,1208
281,1208
284,1208
293,1208
294,1208
302,1208
304,1208
312,1208
317,1208
320,1208
326,1208
329,1208
330,1208
348,1208
350,1208
352,1208
396,1208
403,1208
415,1208
421,1208
430,1208
431,1208
442,1208
454,1208
469,1208
471,1208
504,1208
522,1208
523,1208
529,1208
545,1208
549,1208
550,1208
552,1208
566,1208
569,1208
571,1208
582,1208
617,1208
642,1208
662,1208
671,1208
672,1208
676,1208
679,1208
706,1208
750,1208
754,1208
762,1208
767,1208
770,1208
772,1208
779,1208
780,1208
781,1208
795,1208
803,1208
815,1208
825,1208
868,1208
888,1208
896,1208
904,1208
923,1208
933,1208
938,1208
940,1208
942,1208
957,1208
958,1208
959,1208
960,1208
962,1208
966,1208
990,1208
996,1208
1018,1208
1035,1208
1037,1208
1042,1208
1050,1208
1055,1208
1057,1208
1058,1208
1076,1208
1087,1208
1123,1208
1125,1208
1141,1208
1143,1208
1163,1208
1164,1208
1169,1208
1170,1208
1187,1208
1192,1208
1211,1208
1219,1208
1226,1208
1249,1208
1262,1208
1268,1208
1274,1208
1284,1208
1290,1208
1294,1208
1295,1208
1307,1208
1315,1208
1321,1208
1324,1208
1328,1208
1331,1208
1352,1208
1371,1208
1374,1208
1375,1208
1384,1208
1400,1208
1406,1208
1416,1208
1419,1208
1420,1208
1424,1208
1430,1208
1437,1208
1441,1208
1445,1208
1446,1208
1453,1208
1457,1208
1460,1208
1463,1208
1483,1208
1489,1208
1490,1208
1496,1208
1502,1208
1516,1208
1517,1208
1522,1208
1523,1208
1524,1208
1530,1208
1531,1208
1548,1208
1560,1208
1571,1208
1595,1208
1655,1208
1658,1208
1659,1208
1743,1208
1744,1208
1754,1208
1771,1208
1772,1208
1809,1208
1816,1208
1824,1208
1834,1208
1838,1208
1854,1208
1857,1208
1860,1208
1864,1208
1865,1208
1866,1208
1868,1208
1883,1208
1888,1208
1897,1208
1920,1208
1933,1208
1944,1208
1945,1208
1998,1208
1999,1208
2000,1208
2003,1208
2005,1208
2011,1208
2020,1208
2021,1208
2027,1208
2051,1208
2058,1208
2066,1208
2072,1208
2074,1208
2076,1208
2076,1208
2081,1208
2108,1208
2126,1208
2135,1208
2145,1208
2151,1208
2158,1208
2184,1208
2186,1208
2197,1208
2204,1208
2206,1208
2214,1208
2222,1208
2223,1208
2227,1208
2236,1208
2244,1208
2246,1208
2249,1208
2252,1208
2264,1208
2280,1208
2285,1208
2286,1208
2291,1208
2292,1208
2316,1208
2325,1208
2330,1208
2345,1208
2346,1208
2355,1208
2357,1208
2404,1208
2412,1208
2432,1208
2434,1208
2435,1208
2453,1208
2457,1208
2484,1208
2488,1208
2493,1208
2506,1208
2517,1208
2520,1208
2544,1208
2545,1208
2548,1208
2571,1208
2576,1208
2578,1208
2579,1208
2587,1208
2590,1208
2597,1208
2615,1208
2617,1208
2627,1208
2629,1208
2644,1208
2647,1208
2650,1208
2654,1208
2655,1208
2657,1208
2664,1208
2682,1208
2686,1208
2693,1208
2724,1208
2726,1208
2731,1208
2733,1208
2770,1208
2774,1208
2778,1208
2788,1208
2794,1208
2800,1208
2806,1208
2809,1208
2812,1208
2815,1208
2845,1208
2859,1208
2872,1208
2873,1208
2891,1208
2919,1208
2926,1208
2928,1208
2933,1208
2938,1208
2954,1208
2957,1208
2967,1208
2973,1208
2979,1208
2989,1208
2991,1208
2999,1208
3017,1208
3022,1208
3030,1208
3034,1208
3036,1208
3075,1208
3081,1208
3082,1208
3083,1208
3084,1208
3087,1208
3089,1208
3097,1208
3116,1208
3140,1208
3143,1208
3155,1208
3159,1208
3163,1208
3167,1208
3188,1208
3200,1208
3216,1208
3230,1208
3246,1208
3251,1208
3261,1208
3268,1208
3270,1208
3272,1208
3276,1208
3280,1208
3297,1208
3298,1208
3322,1208
3338,1208
3341,1208
3352,1208
3363,1208
3364,1208
3367,1208
3369,1208
3376,1208
3385,1208
3395,1208
3396,1208
3403,1208
3434,1208
3438,1208
3476,1208
3485,1208
3486,1208
3504,1208
3524,1208
3528,1208
3536,1208
3539,1208
3542,1208
3548,1208
3555,1208
3576,1208
3580,1208
3581,1208
3582,1208
3637,1208
3675,1208
3677,1208
3692,1208
3702,1208
3716,1208
3722,1208
3727,1208
3733,1208
3737,1208
3738,1208
3741,1208
3745,1208
3776,1208
3778,1208
3783,1208
3803,1208
3807,1208
3824,1208
3826,1208
3831,1208
3833,1208
3845,1208
3848,1208
3874,1208
3887,1208
3900,1208
3901,1208
3904,1208
3944,1208
3948,1208
3956,1208
4020,1208
4021,1208
4033,1208
4067,1208
4097,1208
4107,1208
4120,1208
4127,1208
4128,1208
4138,1208
4145,1208
4154,1208
4166,1208
4187,1208
4222,1208
4228,1208
4248,1208
4256,1208
4260,1208
4266,1208
4279,1208
4283,1208
4290,1208
4297,1208
4298,1208
4315,1208
4324,1208
4325,1208
4352,1208
4369,1208
4370,1208
4385,1208
4396,1208
4406,1208
4427,1208
4485,1208
4527,1208
4530,1208
4544,1208
4553,1208
4591,1208
4598,1208
4604,1208
4605,1208
4613,1208
4635,1208
4641,1208
4647,1208
4663,1208
4664,1208
4669,1208
4704,1208
4737,1208
4754,1208
4794,1208
4814,1208
4828,1208
4840,1208
4869,1208
4870,1208
4871,1208
4939,1208
4948,1208
4951,1208
4954,1208
4963,1208
4967,1208
4970,1208
4978,1208
4980,1208
4995,1208
5007,1208
5015,1208
5029,1208
5038,1208
5049,1208
5053,1208
5055,1208
5058,1208
5063,1208
5066,1208
5070,1208
5072,1208
5074,1208
5078,1208
5086,1208
5099,1208
5157,1208
5185,1208
5188,1208
5201,1208
5212,1208
5228,1208
5236,1208
5245,1208
5247,1208
5248,1208
5260,1208
5284,1208
5305,1208
5307,1208
5318,1208
5327,1208
5336,1208
5357,1208
5358,1208
5366,1208
5368,1208
5433,1208
5436,1208
5442,1208
5452,1208
5469,1208
5475,1208
5479,1208
5481,1208
5510,1208
5511,1208
5541,1208
5549,1208
5553,1208
5568,1208
5574,1208
5614,1208
5624,1208
5627,1208
5629,1208
5637,1208
5645,1208
5685,1208
5710,1208
5734,1208
5741,1208
5754,1208
5782,1208
5812,1208
5849,1208
5857,1208
5871,1208
5872,1208
5874,1208
5875,1208
5876,1208
5882,1208
5890,1208
5893,1208
5901,1208
5903,1208
5924,1208
5971,1208
5992,1208
6000,1208
6008,1208
6011,1208
6014,1208
6032,1208
6038,1208
6053,1208
6098,1208
6107,1208
6108,1208
6115,1208
6116,1208
6127,1208
6137,1208
6141,1208
6163,1208
6166,1208
6169,1208
6177,1208
6181,1208
6240,1208
6250,1208
6263,1208
6265,1208
6268,1208
6270,1208
6275,1208
6279,1208
6286,1208
6289,1208
6291,1208
6314,1208
6349,1208
6385,1208
6394,1208
6426,1208
6429,1208
6430,1208
6438,1208
6440,1208
6447,1208
6452,1208
6455,1208
6480,1208
6491,1208
6492,1208
6494,1208
6504,1208
6509,1208
6512,1208
6513,1208
6525,1208
6527,1208
6537,1208
6546,1208
6551,1208
6555,1208
6558,1208
6561,1208
6563,1208
6568,1208
6574,1208
6584,1208
6602,1208
6621,1208
6630,1208
6641,1208
6642,1208
6647,1208
6652,1208
6660,1208
6661,1208
6662,1208
6671,1208
6679,1208
6682,1208
6689,1208
6691,1208
6694,1208
6704,1208
6710,1208
6721,1208
6730,1208
6742,1208
6761,1208
6764,1208
6787,1208
6794,1208
6803,1208
6807,1208
6815,1208
6843,1208
6854,1208
6858,1208
6859,1208
6862,1208
6865,1208
6866,1208
6867,1208
6868,1208
6870,1208
6872,1208
6883,1208
6886,1208
6896,1208
6909,1208
6910,1208
6911,1208
6920,1208
6926,1208
7017,1208
7030,1208
7045,1208
7046,1208
7051,1208
7056,1208
7057,1208
7061,1208
7082,1208
7088,1208
7098,1208
7116,1208
7125,1208
7147,1208
7156,1208
7204,1208
7221,1208
7230,1208
7239,1208
7241,1208
7249,1208
7251,1208
7253,1208
7284,1208
7293,1208
7299,1208
7300,1208
7308,1208
7317,1208
7321,1208
7323,1208
7325,1208
7327,1208
7336,1208
7339,1208
7369,1208
7387,1208
7399,1208
7400,1208
7406,1208
7439,1208
7457,1208
7463,1208
7464,1208
7476,1208
7477,1208
7483,1208
7523,1208
7529,1208
7538,1208
7596,1208
7604,1208
7609,1208
7628,1208
7635,1208
7655,1208
7668,1208
7740,1208
7791,1208
7810,1208
7826,1208
7844,1208
7847,1208
7848,1208
7862,1208
7866,1208
7899,1208
7920,1208
7924,1208
7926,1208
7937,1208
7941,1208
7958,1208
7964,1208
7982,1208
7986,1208
7987,1208
7989,1208
7991,1208
7996,1208
8007,1208
8010,1208
8042,1208
8050,1208
8061,1208
8067,1208
8068,1208
8111,1208
8137,1208
8138,1208
8139,1208
8140,1208
8143,1208
8146,1208
8147,1208
8149,1208
8153,1208
8170,1208
8181,1208
8205,1208
8222,1208
8244,1208
8245,1208
8255,1208
8268,1208
8291,1208
8298,1208
8299,1208
8323,1208
8329,1208
8358,1208
8382,1208
8383,1208
8398,1208
8413,1208
8423,1208
8426,1208
8427,1208
8428,1208
8435,1208
8439,1208
8444,1208
8448,1208
8479,1208
8488,1208
8489,1208
8495,1208
8536,1208
8539,1208
8544,1208
8546,1208
8549,1208
8552,1208
8553,1208
8557,1208
8564,1208
8572,1208
8575,1208
8582,1208
8588,1208
8612,1208
8656,1208
8657,1208
8658,1208
8689,1208
8694,1208
8702,1208
8712,1208
8715,1208
8725,1208
8731,1208
8744,1208
8750,1208
8792,1208
8796,1208
8813,1208
8841,1208
8873,1208
8888,1208
8895,1208
8913,1208
8915,1208
8916,1208
8918,1208
8920,1208
8921,1208
8922,1208
8926,1208
8969,1208
8981,1208
8985,1208
8991,1208
8992,1208
9003,1208
9012,1208
9013,1208
9025,1208
9026,1208
9028,1208
9034,1208
9103,1208
9260,1208
9273,1208
9283,1208
9299,1208
9349,1208
9352,1208
9354,1208
9384,1208
9413,1208
9446,1208
9448,1208
9460,1208
9504,1208
9547,1208
9556,1208
9595,1208
9604,1208
9607,1208
9610,1208
9617,1208
9627,1208
9631,1208
9640,1208
9674,1208
9681,1208
9682,1208
9684,1208
9710,1208
9714,1208
9714,1208
9735,1208
9754,1208
9760,1208
9814,1208
9886,1208
9914,1208
9914,1208
9939,1208
9980,1208
9982,1208
10047,1208
10060,1208
10091,1208
10166,1208
10192,1208
10211,1208
10219,1208
10240,1208
10282,1208
10285,1208
10385,1208
10399,1208
10403,1208
10422,1208
10457,1208
10462,1208
10467,1208
10468,1208
10476,1208
10480,1208
10494,1208
10514,1208
10515,1208
10540,1208
10631,1208
10643,1208
10645,1208
10659,1208
10660,1208
10785,1208
11030,1208
11031,1208
11295,1208
11322,1208
11393,1208
11394,1208
11401,1208
11402,1208
11403,1208
11412,1208
11459,1208
19,376
19,273
53,273
107,273
108,273
113,273
130,273
131,273
148,273
195,273
222,273
223,273
230,273
247,273
284,273
291,273
359,273
460,273
470,273
539,273
580,273
583,273
584,273
619,273
620,273
642,273
644,273
732,273
733,273
740,273
761,273
772,273
811,273
823,273
868,273
923,273
960,273
972,273
1037,273
1060,273
1123,273
1125,273
1152,273
1169,273
1200,273
1201,273
1213,273
1253,273
1254,273
1257,273
1267,273
1290,273
1334,273
1441,273
1468,273
1499,273
1524,273
1526,273
1560,273
1568,273
1569,273
1576,273
1577,273
1579,273
1640,273
1652,273
1658,273
1663,273
1716,273
1750,273
1754,273
1857,273
1864,273
1866,273
1868,273
1875,273
1920,273
1999,273
2005,273
2027,273
2065,273
2078,273
2100,273
2221,273
2246,273
2249,273
2269,273
2322,273
2323,273
2341,273
2342,273
2359,273
2361,273
2379,273
2380,273
2448,273
2464,273
2466,273
2507,273
2578,273
2579,273
2597,273
2629,273
2647,273
2650,273
2685,273
2693,273
2696,273
2753,273
2755,273
2822,273
2859,273
2886,273
2957,273
3009,273
3017,273
3055,273
3058,273
3089,273
3188,273
3227,273
3228,273
3268,273
3278,273
3322,273
3330,273
3397,273
3434,273
3479,273
3480,273
3538,273
3539,273
3571,273
3607,273
3640,273
3723,273
3738,273
3783,273
3821,273
3836,273
3969,273
3987,273
4060,273
4078,273
4113,273
4120,273
4126,273
4127,273
4142,273
4166,273
4232,273
4255,273
4260,273
4297,273
4342,273
4360,273
4457,273
4549,273
4550,273
4588,273
4634,273
4635,273
4644,273
4646,273
4737,273
4827,273
4839,273
4858,273
4870,273
4886,273
4887,273
4892,273
4916,273
4939,273
4965,273
5009,273
5010,273
5018,273
5029,273
5069,273
5081,273
5118,273
5119,273
5136,273
5145,273
5155,273
5158,273
5159,273
5160,273
5161,273
5162,273
5165,273
5166,273
5242,273
5268,273
5269,273
5272,273
5273,273
5274,273
5275,273
5276,273
5277,273
5282,273
5283,273
5286,273
5308,273
5430,273
5461,273
5469,273
5597,273
5600,273
5710,273
5710,273
5741,273
5868,273
5939,273
6055,273
6163,273
6176,273
6182,273
6442,273
6509,273
6569,273
6832,273
6849,273
6852,273
6888,273
6928,273
6949,273
7029,273
7055,273
7069,273
7091,273
7136,273
7204,273
7241,273
7378,273
7379,273
7562,273
7593,273
7625,273
7626,273
7657,273
7675,273
7717,273
7801,273
7844,273
7862,273
7878,273
7879,273
7931,273
8133,273
8209,273
8219,273
8236,273
8237,273
8246,273
8268,273
8274,273
8363,273
8398,273
8441,273
8471,273
8473,273
8479,273
8536,273
8538,273
8546,273
8552,273
8553,273
8571,273
8572,273
8611,273
8624,273
8625,273
8682,273
8736,273
8798,273
8877,273
8938,273
8985,273
9025,273
9283,273
9384,273
9438,273
9466,273
9518,273
9525,273
9537,273
9577,273
9582,273
9610,273
9617,273
9647,273
9665,273
9680,273
9684,273
9687,273
9733,273
9757,273
9782,273
9926,273
9962,273
10015,273
10064,273
10124,273
10370,273
10452,273
10457,273
10510,273
10540,273
10617,273
10627,273
10643,273
10645,273
10763,273
10808,273
10882,273
10886,273
11006,273
11136,273
11335,273
11393,273
11433,273
11449,273
11450,273
11460,273
19,1134
19,824
1865,824
19,877
31,785
64,785
71,785
230,785
253,785
273,785
298,785
659,785
673,785
674,785
939,785
972,785
995,785
1018,785
1049,785
1060,785
1082,785
1138,785
1150,785
1152,785
1199,785
1213,785
1257,785
1270,785
1292,785
1468,785
1576,785
1577,785
1821,785
2008,785
2157,785
2249,785
2264,785
2338,785
2359,785
2639,785
2641,785
2654,785
2693,785
2725,785
2733,785
2746,785
2750,785
2753,785
2804,785
2871,785
2878,785
2946,785
2947,785
2958,785
2971,785
2988,785
3007,785
3055,785
3066,785
3079,785
3083,785
3097,785
3138,785
3147,785
3153,785
3158,785
3180,785
3211,785
3272,785
3414,785
3416,785
3421,785
3879,785
3969,785
3970,785
4018,785
4026,785
4113,785
4377,785
4575,785
4592,785
4767,785
4803,785
4830,785
4961,785
4965,785
4972,785
4995,785
5019,785
5189,785
5194,785
5217,785
5220,785
5284,785
5308,785
5316,785
5344,785
5347,785
5351,785
5356,785
5391,785
5394,785
5399,785
5402,785
5404,785
5415,785
5430,785
5453,785
5469,785
5562,785
5579,785
5601,785
5820,785
5828,785
6013,785
6949,785
7121,785
7524,785
7592,785
8167,785
8290,785
8398,785
8431,785
8570,785
8639,785
8749,785
8777,785
8817,785
8821,785
8835,785
8913,785
8914,785
8916,785
8943,785
8945,785
8946,785
8985,785
8992,785
9012,785
9015,785
9034,785
9039,785
9106,785
9118,785
9263,785
9302,785
9389,785
9423,785
9431,785
9469,785
9514,785
9547,785
9560,785
9568,785
9577,785
9582,785
9634,785
9933,785
9962,785
9970,785
9992,785
9997,785
10021,785
10045,785
10047,785
10067,785
10074,785
10088,785
10113,785
10145,785
10146,785
10166,785
10169,785
10230,785
10370,785
10777,785
10781,785
10790,785
10808,785
10819,785
11136,785
11218,785
11322,785
31,808
2654,808
3272,808
3692,808
4297,808
36,580
692,580
741,580
962,580
1028,580
1087,580
1219,580
1328,580
1375,580
1383,580
1531,580
1542,580
1543,580
1728,580
1878,580
2081,580
2089,580
2158,580
2186,580
2227,580
2244,580
2278,580
2330,580
2362,580
2371,580
2383,580
2457,580
2484,580
2490,580
2523,580
2627,580
2644,580
2655,580
2666,580
2815,580
2873,580
2884,580
3043,580
3116,580
3167,580
3334,580
3385,580
3403,580
3434,580
3438,580
3486,580
3501,580
3661,580
3706,580
3807,580
3845,580
3864,580
3887,580
3900,580
3969,580
4016,580
4067,580
4281,580
4290,580
4369,580
4385,580
4522,580
4530,580
4591,580
4647,580
4704,580
4951,580
5000,580
5212,580
5368,580
5433,580
5541,580
5905,580
6547,580
7045,580
7203,580
7293,580
7322,580
7385,580
7532,580
7553,580
7591,580
7983,580
8009,580
8017,580
8050,580
8209,580
8255,580
8299,580
8329,580
8943,580
9284,580
9354,580
11435,580
36,353
53,353
2088,353
2195,353
2271,353
2629,353
2652,353
2916,353
3026,353
3774,353
3904,353
4029,353
42,547
5621,547
8705,547
8938,547
43,1241
230,1241
46,55
58,55
270,55
929,55
1558,55
1690,55
1691,55
1692,55
1693,55
1694,55
1695,55
1696,55
1697,55
1698,55
1699,55
1700,55
2087,55
2088,55
2271,55
46,1098
58,1098
270,1098
46,217
58,217
270,217
1301,217
1558,217
3499,217
53,584
53,57
2207,57
2361,57
2398,57
2568,57
2569,57
2685,57
2750,57
2784,57
3066,57
3272,57
3278,57
3421,57
3646,57
3707,57
4020,57
4029,57
4255,57
4332,57
4333,57
4586,57
4607,57
4839,57
4917,57
5509,57
5515,57
5531,57
5622,57
5633,57
53,253
4029,253
53,1374
4029,1374
53,439
4029,439
53,530
53,146
53,1434
53,861
53,965
53,553
53,811
53,1278
53,90
4839,90
53,735
53,99
3502,99
53,638
56,84
280,84
331,84
3632,84
5562,84
5786,84
6143,84
57,936
58,1291
58,1291
270,1291
929,1291
929,1291
1301,1291
1301,1291
1695,1291
9926,1291
60,919
100,919
212,919
870,919
1439,919
2546,919
2599,919
5562,919
6136,919
7290,919
7474,919
8920,919
8921,919
8922,919
9467,919
9751,919
11476,919
67,1297
279,1297
281,1297
293,1297
326,1297
403,1297
522,1297
779,1297
904,1297
1035,1297
1294,1297
1816,1297
2794,1297
3412,1297
4097,1297
4369,1297
4995,1297
5318,1297
5327,1297
5973,1297
7287,1297
8068,1297
8539,1297
10544,1297
67,242
279,242
281,242
293,242
326,242
403,242
522,242
779,242
904,242
1035,242
1294,242
1816,242
2005,242
2700,242
2794,242
3211,242
5318,242
5327,242
5579,242
5921,242
5924,242
6045,242
71,1344
71,434
77,843
167,843
362,843
396,843
465,843
471,843
480,843
497,843
504,843
580,843
643,843
669,843
741,843
762,843
795,843
884,843
898,843
938,843
972,843
995,843
1115,843
1137,843
1249,843
1290,843
1382,843
1383,843
1400,843
1468,843
1474,843
1483,843
1542,843
1543,843
1560,843
1576,843
1577,843
1599,843
1728,843
1754,843
1758,843
1783,843
1786,843
1805,843
1809,843
1829,843
1853,843
1878,843
1966,843
2000,843
2089,843
2092,843
2184,843
2271,843
2278,843
2351,843
2376,843
2404,843
2447,843
2490,843
2587,843
2666,843
2675,843
2884,843
2933,843
3043,843
3089,843
3115,843
3147,843
3153,843
3158,843
3167,843
3174,843
3175,843
3225,843
3227,843
3228,843
3254,843
3309,843
3334,843
3397,843
3457,843
3458,843
3501,843
3706,843
3811,843
3864,843
3915,843
3969,843
3999,843
4281,843
4294,843
4459,843
4629,843
4683,843
4759,843
4760,843
4791,843
4793,843
4995,843
5617,843
5632,843
5663,843
5895,843
5921,843
5924,843
5932,843
5957,843
5985,843
5993,843
6045,843
6049,843
6108,843
6173,843
6246,843
6322,843
7293,843
8152,843
8251,843
9105,843
9702,843
83,154
87,154
90,154
196,154
197,154
317,154
350,154
549,154
550,154
552,154
676,154
770,154
777,154
901,154
919,154
925,154
933,154
1029,154
1032,154
1055,154
1181,154
1192,154
1324,154
1460,154
2011,154
2016,154
2018,154
2021,154
2210,154
2214,154
2411,154
2413,154
2415,154
2429,154
2434,154
2549,154
2571,154
2583,154
2588,154
2589,154
2617,154
2722,154
2760,154
2771,154
2774,154
2781,154
2783,154
2806,154
2809,154
2812,154
2967,154
2986,154
2989,154
2991,154
2999,154
3117,154
3155,154
3159,154
3163,154
3277,154
3301,154
3336,154
3343,154
3345,154
3347,154
3363,154
3364,154
3367,154
3369,154
3396,154
3430,154
3436,154
3437,154
3473,154
3525,154
3526,154
3551,154
3552,154
3555,154
3705,154
3730,154
3731,154
3732,154
3745,154
3961,154
3990,154
3991,154
3994,154
3995,154
3996,154
3998,154
4094,154
4111,154
4116,154
4120,154
4137,154
4159,154
4183,154
4184,154
4186,154
4191,154
4195,154
4204,154
4221,154
4222,154
4224,154
4261,154
4264,154
4287,154
4300,154
4497,154
4556,154
4557,154
4893,154
4969,154
4984,154
5004,154
5017,154
5022,154
5030,154
5033,154
5036,154
5038,154
5055,154
5058,154
5066,154
5076,154
5078,154
5194,154
5343,154
5365,154
5369,154
5370,154
5374,154
6131,154
6141,154
6310,154
6495,154
6585,154
6612,154
6614,154
6619,154
6623,154
6647,154
6650,154
6654,154
6671,154
6807,154
7271,154
7272,154
7289,154
7291,154
7377,154
7390,154
7407,154
7740,154
7778,154
7784,154
7788,154
7796,154
7847,154
8019,154
8223,154
8225,154
8236,154
8237,154
8254,154
8265,154
8280,154
8286,154
8307,154
8321,154
8364,154
8383,154
8386,154
8404,154
8407,154
8564,154
8588,154
8591,154
8592,154
8603,154
8640,154
9466,154
9595,154
9691,154
9729,154
9802,154
9859,154
9876,154
9890,154
9902,154
9935,154
9937,154
9956,154
9984,154
10018,154
10036,154
10047,154
10053,154
10088,154
10131,154
10132,154
10136,154
10139,154
10166,154
10241,154
10278,154
10285,154
10344,154
10398,154
10691,154
10726,154
10746,154
10747,154
10758,154
10759,154
10764,154
10768,154
10775,154
10777,154
10783,154
10796,154
10811,154
10812,154
10844,154
10846,154
10847,154
11313,154
107,1469
108,1469
117,1469
130,1469
131,1469
480,1469
583,1469
584,1469
619,1469
620,1469
643,1469
686,1469
732,1469
733,1469
1338,1469
1568,1469
1569,1469
2148,1469
2322,1469
2323,1469
2341,1469
2342,1469
2464,1469
2466,1469
3139,1469
3227,1469
3228,1469
3241,1469
3454,1469
3479,1469
3480,1469
3944,1469
4196,1469
5007,1469
5010,1469
5113,1469
5762,1469
6157,1469
6810,1469
6845,1469
7430,1469
7625,1469
7626,1469
7735,1469
8126,1469
8236,1469
8237,1469
8295,1469
8527,1469
8552,1469
8553,1469
8624,1469
8625,1469
9763,1469
9764,1469
11535,1469
114,897
1860,897
117,1394
130,1394
131,1394
152,1394
442,1394
480,1394
534,1394
559,1394
580,1394
619,1394
620,1394
732,1394
733,1394
1231,1394
1285,1394
1343,1394
1510,1394
2059,1394
2060,1394
2341,1394
2342,1394
2464,1394
2466,1394
2721,1394
3134,1394
3479,1394
3480,1394
4838,1394
4842,1394
4999,1394
5108,1394
5531,1394
6157,1394
6161,1394
6346,1394
6686,1394
6732,1394
6739,1394
6810,1394
7074,1394
7142,1394
7285,1394
7570,1394
7625,1394
7626,1394
8126,1394
8497,1394
8552,1394
8553,1394
8575,1394
8576,1394
8591,1394
8592,1394
9563,1394
9608,1394
9763,1394
9763,1394
9764,1394
9764,1394
9879,1394
10074,1394
10091,1394
10304,1394
10382,1394
11559,1394
11562,1394
11564,1394
11565,1394
118,1519
1976,1519
4047,1519
4988,1519
6599,1519
7568,1519
9766,1519
123,206
10646,206
123,1427
130,238
131,238
1004,238
1391,238
1841,238
2006,238
2199,238
2322,238
2323,238
2341,238
2342,238
2464,238
2466,238
2790,238
3146,238
3489,238
3702,238
4003,238
4350,238
4523,238
4552,238
4948,238
4963,238
5046,238
5379,238
5380,238
5536,238
5781,238
6533,238
7032,238
7375,238
7413,238
7782,238
7800,238
8202,238
8274,238
8580,238
8690,238
9787,238
9866,238
9914,238
9939,238
10034,238
10037,238
10054,238
10074,238
10092,238
10125,238
10177,238
10192,238
10284,238
10510,238
10592,238
10741,238
10802,238
11547,238
11548,238
11554,238
11566,238
134,571
137,730
476,730
492,730
987,730
988,730
1263,730
2281,730
2364,730
3035,730
3047,730
3049,730
3459,730
3869,730
4253,730
5760,730
5797,730
5869,730
5907,730
6030,730
6051,730
6056,730
6144,730
6200,730
6253,730
6292,730
6386,730
6432,730
6478,730
6487,730
6514,730
6554,730
6629,730
6746,730
6796,730
7047,730
7231,730
7317,730
7368,730
7414,730
7554,730
7605,730
7636,730
7767,730
7872,730
8207,730
8316,730
8328,730
8342,730
8622,730
8689,730
8914,730
138,17
139,17
152,1186
6845,1186
153,1371
153,314
467,314
1275,314
1633,314
3128,314
3400,314
4888,314
5251,314
6615,314
8238,314
9552,314
9587,314
153,1106
467,1106
1275,1106
1961,1106
3128,1106
3400,1106
4105,1106
4888,1106
6615,1106
9552,1106
9587,1106
162,468
608,468
1859,468
3427,468
3775,468
5428,468
5645,468
5949,468
8246,468
9684,468
162,424
359,424
440,424
480,424
579,424
632,424
641,424
673,424
674,424
868,424
949,424
992,424
1037,424
1123,424
1138,424
1169,424
1257,424
1322,424
1338,424
1402,424
1441,424
1446,424
1484,424
1522,424
1810,424
1811,424
1866,424
1868,424
1920,424
1944,424
1999,424
2032,424
2256,424
2297,424
2299,424
2325,424
2343,424
2352,424
2361,424
2377,424
2446,424
2597,424
2654,424
2675,424
2739,424
2745,424
2750,424
2784,424
2890,424
3055,424
3058,424
3071,424
3122,424
3124,424
3125,424
3126,424
3127,424
3131,424
3133,424
3138,424
3140,424
3161,424
3180,424
3238,424
3239,424
3278,424
3397,424
3510,424
3831,424
3848,424
3907,424
3911,424
3920,424
4020,424
4060,424
4072,424
4177,424
4188,424
4245,424
4263,424
4294,424
4730,424
5090,424
5119,424
5415,424
5828,424
170,1479
1576,1479
1864,1479
2015,1479
2360,1479
2421,1479
2886,1479
3071,1479
3549,1479
3831,1479
3879,1479
3944,1479
3990,1479
3991,1479
3996,1479
4072,1479
4212,1479
4224,1479
4294,1479
4549,1479
4753,1479
4912,1479
4995,1479
5015,1479
5557,1479
8552,1479
8553,1479
8918,1479
9385,1479
9386,1479
9763,1479
9764,1479
10790,1479
11107,1479
170,1355
181,156
187,573
710,573
839,573
1130,573
2036,573
5673,573
9388,573
11440,573
188,514
471,514
795,514
938,514
194,1360
1462,1360
1463,1360
1662,1360
2211,1360
2433,1360
3000,1360
5043,1360
6658,1360
7385,1360
7842,1360
9126,1360
9746,1360
10220,1360
10229,1360
10235,1360
10343,1360
10575,1360
10593,1360
10594,1360
11043,1360
197,1231
2874,1231
2932,1231
8793,1231
10044,1231
10207,1231
10241,1231
10809,1231
10837,1231
10847,1231
11065,1231
11162,1231
11214,1231
11244,1231
11317,1231
11527,1231
11534,1231
11603,1231
11607,1231
208,1160
965,1160
1026,1160
1027,1160
1376,1160
1377,1160
1505,1160
1506,1160
212,748
212,733
214,463
216,463
230,677
230,1223
243,1444
477,1444
486,1444
602,1444
721,1444
850,1444
984,1444
1099,1444
1895,1444
2683,1444
2688,1444
2911,1444
3023,1444
3048,1444
3053,1444
3054,1444
3144,1444
3217,1444
3223,1444
5325,1444
5930,1444
7092,1444
7513,1444
246,1287
1900,1287
2118,1287
253,1342
262,1342
480,1342
762,1342
803,1342
997,1342
1199,1342
1270,1342
2015,1342
2061,1342
2100,1342
2388,1342
2397,1342
2421,1342
2630,1342
2743,1342
3139,1342
3346,1342
3510,1342
3884,1342
3975,1342
3979,1342
4227,1342
4300,1342
4469,1342
4536,1342
4557,1342
4635,1342
4636,1342
4789,1342
4897,1342
5093,1342
5531,1342
5905,1342
6062,1342
6375,1342
6647,1342
7072,1342
7163,1342
7293,1342
7951,1342
8209,1342
8312,1342
9697,1342
10521,1342
259,859
263,562
1405,562
1781,562
4972,562
10125,562
10284,562
10348,562
11321,562
271,79
424,79
480,79
669,79
1829,79
1981,79
1991,79
2179,79
2687,79
2688,79
2740,79
2741,79
2776,79
3053,79
3054,79
3358,79
3359,79
3663,79
4074,79
4150,79
4154,79
4162,79
4163,79
4164,79
4165,79
4200,79
4201,79
4209,79
4223,79
4936,79
4967,79
5016,79
5020,79
5021,79
5379,79
5380,79
7707,79
7899,79
8205,79
8214,79
8217,79
8244,79
8245,79
8283,79
8554,79
8575,79
8624,79
8625,79
8627,79
8656,79
8657,79
8820,79
9429,79
9431,79
9466,79
9532,79
9680,79
9700,79
9759,79
9778,79
9790,79
9890,79
9904,79
9996,79
10055,79
10066,79
10091,79
10118,79
10138,79
10140,79
10161,79
10164,79
10186,79
10190,79
10396,79
10569,79
10570,79
10710,79
10763,79
11563,79
272,360
324,360
7257,360
7372,360
8613,360
8678,360
8711,360
8724,360
8758,360
8931,360
9461,360
10802,360
10908,360
11484,360
285,37
1023,37
1056,37
1082,37
1115,37
1325,37
1508,37
1821,37
2008,37
2019,37
2157,37
2215,37
2264,37
2600,37
2602,37
2609,37
2746,37
2988,37
3416,37
3661,37
4278,37
4292,37
4334,37
4335,37
5019,37
5316,37
5329,37
7281,37
7396,37
7398,37
8056,37
8243,37
8384,37
8491,37
8621,37
8693,37
8776,37
8783,37
9545,37
9880,37
10068,37
10089,37
10304,37
10319,37
10736,37
291,1343
2065,1343
4858,1343
295,599
3089,599
4311,599
300,110
1793,110
2356,110
2633,110
2689,110
3373,110
3380,110
3386,110
3386,110
3753,110
4328,110
4386,110
4642,110
4850,110
5726,110
6449,110
6458,110
6469,110
6798,110
7435,110
7870,110
7873,110
301,827
1056,827
1325,827
1462,827
1649,827
1662,827
2019,827
2215,827
2608,827
2616,827
3000,827
4054,827
4263,827
11272,827
313,320
318,1052
528,1052
548,1052
318,1122
528,1122
548,1122
318,1534
528,1534
548,1534
334,1089
2357,1089
334,526
2357,526
2548,526
2778,526
3251,526
3702,526
4107,526
334,1300
2357,1300
2548,1300
2778,1300
3251,1300
3702,1300
4107,1300
334,916
351,916
960,916
1577,916
1810,916
2279,916
2346,916
2357,916
2539,916
2548,916
2778,916
3009,916
3251,916
3397,916
3418,916
3663,916
3702,916
4107,916
4897,916
4948,916
4963,916
5093,916
6322,916
6438,916
6447,916
6561,916
7655,916
334,820
2357,820
2548,820
2778,820
3251,820
3702,820
3944,820
4107,820
4562,820
351,328
351,1007
351,737
351,721
351,1366
351,1501
351,1274
466,1274
2693,1274
2713,1274
2721,1274
5740,1274
11381,1274
11403,1274
351,555
580,555
6171,555
7655,555
351,809
9147,809
352,976
572,976
1524,976
1865,976
2017,976
10643,976
352,1171
1944,1171
3848,1171
4625,1171
354,671
3048,671
5325,671
5799,671
7260,671
359,89
2590,89
3031,89
4711,89
5710,89
9483,89
10015,89
359,1242
359,1115
359,1529
642,1529
2693,1529
3987,1529
4634,1529
4644,1529
5118,1529
6509,1529
9438,1529
10627,1529
11136,1529
11335,1529
11531,1529
362,324
2283,324
362,44
362,536
362,1072
647,1072
701,1072
11388,1072
362,1315
366,1023
9757,1023
369,390
373,1126
2250,1126
4432,1126
4756,1126
376,1219
380,925
399,925
4393,925
4415,925
5176,925
5299,925
380,1234
380,1327
399,1327
4393,1327
4415,1327
5176,1327
5299,1327
399,837
409,1463
758,1463
1158,1463
1385,1463
1996,1463
2381,1463
2956,1463
3118,1463
4249,1463
4919,1463
5532,1463
10985,1463
409,587
758,587
1158,587
1385,587
1996,587
2381,587
2956,587
3118,587
4249,587
4919,587
5532,587
10985,587
409,1352
758,1352
1158,1352
1385,1352
1996,1352
2381,1352
2956,1352
3118,1352
4249,1352
4919,1352
5532,1352
10985,1352
409,410
758,410
1158,410
1385,410
1996,410
2381,410
2956,410
3118,410
4249,410
4919,410
5532,410
10985,410
409,382
758,382
1158,382
1385,382
1996,382
2381,382
2956,382
3118,382
4249,382
4919,382
5532,382
10985,382
409,88
758,88
1158,88
1385,88
1996,88
2381,88
2498,88
2956,88
3118,88
4249,88
4919,88
5532,88
10985,88
409,719
758,719
1158,719
1385,719
1996,719
2381,719
2956,719
3118,719
4249,719
4919,719
5532,719
10985,719
418,626
1813,626
2190,626
4118,626
4280,626
5519,626
440,461
440,610
450,778
465,1393
1642,1393
466,986
468,1239
468,176
468,39
1958,39
2369,39
469,415
470,634
941,634
1011,634
1012,634
2096,634
2383,634
2539,634
471,147
795,147
938,147
957,147
959,147
1164,147
1249,147
1262,147
1374,147
1384,147
1400,147
2587,147
3211,147
3845,147
5239,147
5551,147
5579,147
8329,147
8489,147
8715,147
9034,147
10146,147
480,412
480,128
480,767
480,27
10408,27
480,644
480,355
480,921
480,144
497,144
573,144
489,1170
496,464
580,464
593,464
1283,464
2176,464
2329,464
2368,464
2574,464
3273,464
3384,464
3490,464
3624,464
3846,464
4139,464
4418,464
4495,464
4855,464
4913,464
4941,464
5326,464
7151,464
7547,464
7602,464
8166,464
8372,464
8575,464
8648,464
9010,464
9011,464
9456,464
9821,464
9874,464
9890,464
9955,464
10009,464
10038,464
10091,464
10191,464
10291,464
10359,464
10400,464
10431,464
10455,464
10471,464
10479,464
10511,464
10568,464
10655,464
10673,464
10710,464
10717,464
10804,464
10910,464
11389,464
498,539
502,1326
506,451
999,451
1467,451
3513,451
4332,451
4451,451
4579,451
4932,451
6165,451
7159,451
7254,451
7673,451
8097,451
8568,451
9824,451
10324,451
10749,451
10919,451
515,614
529,48
1523,48
534,814
1621,814
1622,814
1623,814
2156,814
556,270
556,727
556,575
3332,575
3426,575
3959,575
572,943
572,1484
572,102
572,1460
1138,1460
1201,1460
1854,1460
2957,1460
3149,1460
3783,1460
5430,1460
5618,1460
575,1252
1500,1252
578,505
578,601
585,210
1529,210
596,1346
599,1346
602,1346
621,1346
976,1346
1120,1346
1345,1346
1404,1346
1538,1346
1954,1346
2273,1346
2709,1346
3497,1346
4000,1346
4044,1346
4852,1346
5419,1346
6278,1346
6297,1346
7155,1346
7620,1346
7642,1346
7865,1346
8033,1346
8044,1346
8047,1346
8165,1346
8274,1346
8370,1346
8433,1346
8451,1346
8895,1346
9010,1346
9011,1346
9153,1346
9345,1346
9468,1346
9650,1346
9687,1346
10024,1346
10497,1346
10669,1346
10737,1346
10939,1346
11253,1346
11465,1346
598,86
618,86
634,86
636,86
606,423
5140,423
5855,423
9701,423
615,1425
621,1425
881,1425
1147,1425
1967,1425
2375,1425
2398,1425
2487,1425
2567,1425
2713,1425
4271,1425
4901,1425
6726,1425
7247,1425
7645,1425
7776,1425
8767,1425
9132,1425
9180,1425
9345,1425
9380,1425
9531,1425
9782,1425
9815,1425
10210,1425
10784,1425
11303,1425
616,753
629,188
1847,188
1869,188
634,793
1612,793
1955,793
1959,793
3123,793
3201,793
4063,793
5250,793
6588,793
8234,793
9552,793
642,250
642,1293
642,344
643,541
647,934
652,1050
2954,1050
659,1199
1257,1199
673,545
674,545
679,558
693,400
697,1073
2091,1073
2128,1073
2130,1073
2133,1073
4687,1073
4694,1073
4774,1073
4780,1073
4784,1073
4790,1073
4797,1073
6093,1073
6106,1073
6447,1073
6502,1073
6690,1073
7356,1073
7655,1073
8951,1073
9384,1073
697,1227
1908,1227
2123,1227
2313,1227
2495,1227
2505,1227
2703,1227
3065,1227
4683,1227
5632,1227
7508,1227
8151,1227
697,655
1437,655
1908,655
2123,655
2313,655
2495,655
2505,655
2703,655
2822,655
3065,655
4767,655
4901,655
5632,655
7508,655
7983,655
697,661
4831,661
6891,661
6960,661
7020,661
701,1217
706,1392
724,617
741,924
1028,924
1152,924
1331,924
1383,924
1468,924
1542,924
1543,924
1728,924
1878,924
2005,924
2089,924
2278,924
2490,924
2666,924
2693,924
2884,924
3043,924
3089,924
3334,924
3501,924
3706,924
3864,924
4097,924
4281,924
4385,924
4512,924
4530,924
4704,924
4951,924
5212,924
5239,924
5355,924
5368,924
5551,924
5597,924
5600,924
5905,924
6075,924
6163,924
6656,924
6758,924
6920,924
7445,924
7604,924
8246,924
8985,924
10627,924
741,1514
1028,1514
1383,1514
1542,1514
1543,1514
1728,1514
1878,1514
2089,1514
2278,1514
2490,1514
2666,1514
2884,1514
3043,1514
3334,1514
3501,1514
3706,1514
3864,1514
4281,1514
4385,1514
4530,1514
5905,1514
8639,1514
742,911
750,1286
750,100
750,725
751,288
751,792
752,272
1010,272
1139,272
1464,272
1879,272
1908,272
2313,272
2339,272
2508,272
2513,272
3064,272
3629,272
3633,272
4738,272
5428,272
5645,272
6121,272
8319,272
8465,272
8664,272
8668,272
8671,272
9367,272
9578,272
9659,272
10480,272
761,848
762,838
770,750
4067,750
783,173
883,173
783,755
790,1188
791,1188
803,1135
811,1481
1422,1481
4837,1481
5781,1481
6745,1481
811,442
4591,442
4838,442
5000,442
811,1312
815,999
823,1206
4792,1206
11385,1206
825,1267
5445,1267
825,692
1524,692
1865,692
2027,692
2246,692
2578,692
2579,692
2650,692
2859,692
3017,692
3178,692
3188,692
3268,692
3322,692
3434,692
825,1275
825,648
825,52
1881,52
3121,52
3149,52
3149,52
3875,52
4922,52
5618,52
5618,52
7642,52
8156,52
8895,52
9701,52
10024,52
825,472
825,949
844,1316
3078,1316
3972,1316
4394,1316
5152,1316
11504,1316
845,122
845,527
845,1516
859,108
861,1111
867,1515
895,1515
1145,1515
1421,1515
4124,1515
4497,1515
9400,1515
867,341
868,213
868,874
868,269
8951,269
868,1453
868,570
1037,570
1169,570
1441,570
1999,570
2597,570
2629,570
868,687
3025,687
5118,687
5812,687
9525,687
10121,687
868,1277
1199,1277
1990,1277
3066,1277
6163,1277
9525,1277
11605,1277
868,992
1037,992
1169,992
1441,992
1999,992
2597,992
2629,992
874,332
1327,332
5317,332
6892,332
7449,332
7667,332
8461,332
10474,332
888,1357
893,1046
7576,1046
898,775
901,1028
901,690
910,1253
6900,1253
6906,1253
6917,1253
6919,1253
913,1068
1099,1068
1895,1068
2548,1068
2778,1068
3818,1068
3897,1068
4107,1068
4629,1068
9114,1068
9277,1068
9832,1068
9964,1068
11043,1068
11567,1068
920,752
1962,752
2180,752
2405,752
4164,752
4165,752
5020,752
5021,752
10161,752
10164,752
10186,752
10190,752
920,1382
1962,1382
2180,1382
2405,1382
920,989
1962,989
2180,989
2405,989
929,1033
1690,1033
1691,1033
1692,1033
1693,1033
1694,1033
1695,1033
1696,1033
1697,1033
1698,1033
1699,1033
1700,1033
2271,1033
4106,1033
929,528
1558,528
1690,528
1691,528
1692,528
1693,528
1694,528
1695,528
1696,528
1697,528
1698,528
1699,528
1700,528
929,303
4095,303
935,978
2732,978
935,612
944,1182
944,678
3134,678
3931,678
7285,678
9759,678
10408,678
11554,678
11556,678
11559,678
947,186
948,1032
948,957
949,432
949,1011
956,1449
8813,1449
956,1443
960,901
960,1117
1854,1117
6794,1117
960,1245
1103,1245
1104,1245
1404,1245
1404,1245
2709,1245
4260,1245
5119,1245
6136,1245
6278,1245
6278,1245
8047,1245
8047,1245
8433,1245
8433,1245
8451,1245
8451,1245
8854,1245
9225,1245
9384,1245
9467,1245
9746,1245
11117,1245
11118,1245
11404,1245
963,1380
963,447
2100,447
966,1491
2123,1491
966,686
9851,686
972,765
972,1361
1522,1361
972,166
972,822
982,1298
989,1351
996,606
997,606
1023,606
996,743
997,743
996,1021
997,1021
996,689
997,689
1004,1296
1391,1296
2348,1296
3474,1296
4350,1296
7577,1296
7967,1296
10034,1296
1022,1142
1028,1074
1180,1074
1977,1074
2616,1074
3536,1074
3545,1074
3546,1074
3948,1074
3956,1074
4216,1074
4217,1074
4755,1074
4916,1074
5041,1074
5063,1074
5070,1074
6641,1074
7791,1074
7844,1074
8473,1074
8487,1074
8611,1074
9091,1074
9577,1074
9687,1074
9710,1074
10045,1074
10102,1074
10113,1074
10155,1074
10157,1074
10159,1074
10311,1074
10312,1074
11564,1074
11565,1074
1049,139
1049,179
1049,1066
10540,1066
1049,1268
1057,593
1057,983
1057,797
1057,1166
1057,1029
1057,795
1060,1107
1075,285
1088,910
1123,1428
1125,1428
1123,226
1123,643
1124,823
1125,1175
1127,856
1387,856
1675,856
2979,856
3008,856
3676,856
5300,856
5452,856
5723,856
5836,856
5902,856
5974,856
6023,856
6112,856
6231,856
6257,856
6271,856
6296,856
6358,856
6397,856
6410,856
6676,856
6967,856
7082,856
7223,856
7388,856
7521,856
7671,856
7950,856
8285,856
8306,856
8325,856
8355,856
8410,856
8687,856
8715,856
1129,1105
1411,1105
5032,1105
6836,1105
9893,1105
10195,1105
10848,1105
11505,1105
1138,497
1138,133
1138,607
1138,33
1138,954
1138,202
1152,1457
2886,1457
8813,1457
1165,1103
1170,798
8575,798
10091,798
1170,1513
1184,1332
1185,636
1193,430
1200,1157
1200,597
1200,401
1200,352
1201,326
1213,1119
1229,1284
1950,1284
5572,1284
1237,1459
1705,1459
4457,1459
1237,1200
1658,1200
1666,1200
1724,1200
1732,1200
1743,1200
1787,1200
1239,10
1253,1356
1254,1356
1253,532
1254,532
1331,532
1437,532
2032,532
2249,532
2957,532
4074,532
1257,1311
1268,261
1268,1090
1274,1397
1345,1397
2890,1397
3122,1397
3125,1397
3126,1397
3131,1397
3133,1397
5914,1397
6186,1397
7993,1397
8275,1397
8370,1397
1274,426
1274,11
5000,11
1274,542
1275,266
1287,266
1276,184
1283,1259
2176,1259
2329,1259
2574,1259
4139,1259
4418,1259
4941,1259
8166,1259
8648,1259
10038,1259
10191,1259
10804,1259
1286,960
1296,782
1307,1531
1307,1070
2517,1070
5307,1070
6955,1070
8696,1070
9122,1070
9359,1070
9498,1070
9575,1070
10106,1070
10204,1070
11169,1070
11264,1070
11326,1070
1331,1304
1331,1030
1333,373
4957,373
7917,373
9938,373
1334,222
1526,222
1716,222
1875,222
2078,222
2269,222
2380,222
1334,56
1526,56
1716,56
1875,56
2078,56
2269,56
2380,56
1341,585
1341,791
1341,1168
1345,894
8370,894
1359,1538
1388,333
2883,333
3264,333
3495,333
3915,333
6568,333
6574,333
8705,333
1402,907
1408,1436
1416,449
1420,449
1430,449
1864,449
1422,543
3097,543
3861,543
4593,543
1422,724
1429,158
4087,158
10664,158
10695,158
1437,1433
1437,368
1439,851
1439,294
2495,294
2505,294
2822,294
3030,294
4647,294
8536,294
8920,294
8921,294
8922,294
8985,294
9112,294
9167,294
9577,294
1439,621
1439,477
1439,396
1439,193
1442,116
2401,116
2791,116
3016,116
3337,116
3978,116
1442,915
1446,319
2784,319
4020,319
1451,249
1468,935
1468,76
1468,581
1468,1161
1474,104
3089,104
3225,104
1481,598
1483,1330
1499,455
2448,455
1510,203
1516,140
1517,140
4604,140
4605,140
1553,264
1553,841
2313,841
2495,841
2505,841
3297,841
5632,841
7508,841
8151,841
1555,348
1555,170
1558,136
1690,136
1691,136
1692,136
1693,136
1694,136
1695,136
1696,136
1697,136
1698,136
1699,136
1700,136
1559,496
4234,496
1559,395
1561,106
6029,106
1562,871
1564,1341
1572,1341
1612,1341
1633,1341
1574,889
10408,889
1574,1001
1574,407
3931,407
1585,323
3502,323
1586,631
1587,302
2905,302
3065,302
3418,302
4606,302
5278,302
7698,302
8575,302
9532,302
10091,302
1587,331
1615,908
1664,908
1658,1471
1658,393
1658,857
1658,1139
1705,403
1708,662
1719,716
1719,1184
1737,627
1743,627
1737,1085
1737,741
1743,701
2769,701
1743,318
1750,24
2507,24
5596,24
11433,24
11460,24
1758,1458
1832,1458
5921,1458
6077,1458
6238,1458
6322,1458
6950,1458
6976,1458
7074,1458
7285,1458
7511,1458
7820,1458
7997,1458
8609,1458
10524,1458
10968,1458
10981,1458
11107,1458
1779,974
1810,1405
1810,1404
1810,651
1814,876
1844,1215
4232,1215
1844,356
4449,356
4549,356
4618,356
4646,356
4822,356
1853,29
1854,1328
2957,1328
5741,1328
7298,1328
1854,243
1854,1025
1854,1424
1854,658
4380,658
1857,465
1857,282
1860,15
1874,513
1877,466
1877,346
1880,1077
1881,801
3826,801
1886,248
1886,1104
1907,1522
1955,1522
1958,1522
1959,1522
1961,1522
1966,1522
1971,1522
1979,1522
2082,1522
1908,445
2313,445
9687,445
1908,768
2313,768
2495,768
2505,768
4901,768
1908,995
2123,995
2153,995
2313,995
2495,995
2505,995
2703,995
2822,995
3065,995
5457,995
7508,995
7698,995
8151,995
1908,1523
3790,1523
5119,1523
6006,1523
7153,1523
7428,1523
7620,1523
7945,1523
7960,1523
8683,1523
8895,1523
8913,1523
8916,1523
9577,1523
1908,71
2495,71
2505,71
3628,71
5443,71
8297,71
1909,43
1910,43
4032,43
4034,43
6865,43
1921,499
1922,1020
1937,161
1937,899
1944,171
3848,171
1944,1478
1946,437
1961,1187
1964,556
9292,556
1965,456
3539,456
4277,456
1975,971
1991,892
2776,892
3200,892
3961,892
4205,892
4218,892
4893,892
6897,892
8217,892
9466,892
10207,892
2005,274
5614,274
6163,274
8246,274
2005,175
2017,383
2017,1075
2017,470
2017,696
2017,1276
2017,361
2017,618
2017,378
2027,709
2246,709
2578,709
2579,709
2650,709
2859,709
3017,709
3188,709
3268,709
3322,709
2028,1123
2028,1083
2032,1153
2045,1198
2058,1321
2058,880
2059,589
2060,589
4414,589
2076,1026
2126,1026
2345,1026
2082,640
2082,405
2091,578
2112,578
2128,578
2130,578
2133,578
2092,126
2100,1294
2100,118
2100,1155
2101,394
2107,137
2107,78
2123,781
2313,781
2495,781
2505,781
4001,781
5632,781
7538,781
8364,781
8571,781
8766,781
8876,781
8894,781
8947,781
9787,781
10024,781
10081,781
11035,781
2126,454
2126,1195
2126,1354
2156,609
2170,1058
2353,1058
4045,1058
4450,1058
7029,1058
8152,1058
8185,1058
8251,1058
8660,1058
9801,1058
10540,1058
10775,1058
11426,1058
2187,646
6571,646
2195,711
2361,711
2652,711
3278,711
3774,711
2207,812
2213,241
2424,241
2604,241
4616,241
10576,241
11338,241
11599,241
2221,966
4634,966
2221,1065
2221,962
2221,1431
4634,1431
2225,564
3969,564
2234,1169
2234,362
2249,833
3944,833
4675,833
4967,833
2249,398
2249,1060
2249,1190
2271,929
3036,929
9926,929
11369,929
2279,1358
2488,1358
2279,508
2488,508
2283,1269
2310,1349
4392,1349
2311,786
2313,1445
2495,1445
2505,1445
2822,1445
3065,1445
5632,1445
8920,1445
8921,1445
8922,1445
9112,1445
9167,1445
9321,1445
9525,1445
9647,1445
10385,1445
2329,267
3584,267
6726,267
6803,267
8676,267
9406,267
2346,220
2346,1490
2351,189
2353,189
2369,189
2375,189
2428,189
2359,498
2361,372
2685,372
3278,372
2362,7
2379,878
2379,771
2696,771
4212,771
6658,771
10056,771
2379,1370
2379,608
2379,739
2383,912
2397,431
2398,268
2411,420
2441,234
2463,917
2475,1226
3018,1226
3312,1226
3328,1226
2480,1421
2491,1353
2495,1114
2505,1114
2498,340
2498,854
2498,1305
2498,1220
2498,225
2503,1095
2508,895
2518,495
2523,657
2535,1101
2540,1101
2541,1101
2570,1101
2539,632
2725,632
4592,632
6735,632
7260,632
7400,632
7532,632
7538,632
7593,632
7902,632
8113,632
8202,632
8209,632
8255,632
8273,632
8383,632
8642,632
8918,632
8951,632
8985,632
9068,632
9266,632
9396,632
9582,632
9596,632
9962,632
10031,632
10045,632
2539,141
2539,214
2711,214
2539,550
2546,845
2561,1143
3092,1143
4354,1143
5492,1143
6549,1143
6688,1143
8875,1143
9608,1143
2568,903
2569,903
2568,1017
2569,1017
4588,1017
2590,1347
2592,1279
2599,98
2599,732
2601,476
3320,476
2601,459
3320,459
2624,246
3915,246
3923,246
5098,246
2631,3
2631,1317
8983,1317
2647,1381
2654,200
2654,1207
2663,1290
2675,1520
2675,482
2675,117
2675,216
2675,947
2675,1387
2689,996
2690,918
2693,354
2696,990
4054,990
4263,990
8078,990
10242,990
2700,1461
2701,19
2743,19
2758,19
2775,19
2788,19
2711,291
2753,1447
2756,290
2769,1192
2769,1398
2769,1466
2769,167
2769,1010
2769,720
2801,369
2982,369
4188,369
4927,369
6519,369
7268,369
9577,369
9885,369
9942,369
9997,369
10739,369
2814,849
5069,849
2821,1414
2822,723
2828,799
2834,9
2856,9
2845,54
2845,252
2852,1069
2871,565
2881,757
2957,757
6852,757
2881,603
2957,174
2957,1047
2958,1456
5315,1456
2969,484
2969,281
2971,1097
2977,254
6670,254
2979,596
6886,596
7125,596
7464,596
7529,596
8138,596
8426,596
8428,596
8612,596
2992,546
2993,546
3007,1418
3007,1418
3007,1418
3007,41
3009,836
3009,365
3011,162
3035,162
3047,162
3049,162
3032,275
3036,885
10650,885
3055,402
3066,933
3066,516
3071,1233
3081,1092
3089,406
3114,1333
3119,227
5957,227
10004,227
10699,227
3123,1088
3128,1088
3124,1049
3127,1049
3136,779
3149,300
5618,300
3149,1537
5618,1537
3149,1055
5618,1055
3149,310
5618,310
3149,1345
5618,1345
3149,991
5430,991
5618,991
3149,177
5618,177
3149,946
5618,946
3149,1045
5618,1045
3149,746
5618,746
3149,591
5618,591
3149,387
5618,387
3164,67
4312,67
8601,67
10091,67
10219,67
10587,67
10772,67
3174,700
3175,700
3457,700
3458,700
3174,8
3175,8
10876,8
3199,5
3572,5
3575,5
3599,5
3630,5
3679,5
3784,5
3817,5
3199,1229
3201,296
3339,296
3400,296
3409,296
3435,296
3475,296
3204,1511
3204,972
8045,972
3211,131
5579,131
5617,131
5939,131
3216,195
3320,195
4370,195
10067,195
10544,195
3216,708
4370,708
3218,92
3219,1172
3729,1172
3221,1042
3377,1042
3224,1002
3225,872
4397,872
3225,583
3433,583
3225,847
3225,504
3241,479
3253,783
3272,537
3272,1080
7445,1080
3277,1
3409,1
3430,1
3432,1
3433,1
3435,1
3436,1
3437,1
4543,1
5244,1
5614,1
6407,1
3288,289
5144,289
3288,760
3297,1174
3315,1018
3320,1015
3320,726
5505,726
3320,111
3320,1496
3328,450
3329,670
3592,670
3606,670
3332,1165
3368,481
4041,481
3397,1131
3415,385
3418,271
3426,928
3959,928
3427,855
3433,475
3433,129
4327,129
5614,129
3457,399
3458,399
3494,127
3499,1003
3510,421
3884,421
3510,471
3884,471
3521,998
3530,647
3533,955
3547,955
3559,955
3566,955
3568,955
3570,955
3574,955
3577,955
3586,955
3596,955
3604,955
3607,955
3608,955
3618,955
3621,955
3625,955
3631,955
3632,955
3639,955
3647,955
3656,955
3658,955
3665,955
3669,955
3673,955
3674,955
3681,955
3690,955
3700,955
3704,955
3713,955
3724,955
3734,955
3746,955
3749,955
3759,955
3764,955
3771,955
3779,955
3782,955
3785,955
3836,955
3550,1419
8188,1419
10157,1419
10159,1419
10311,1419
10312,1419
10512,1419
3571,515
3571,637
3571,494
3571,979
3592,747
3606,747
6549,747
9092,747
10501,747
3620,698
3623,1368
3628,525
3628,185
3628,219
3628,1266
3628,435
3632,366
3640,91
3762,91
3662,731
3662,611
3663,510
7854,510
7977,510
8400,510
8956,510
8959,510
8966,510
9231,510
9416,510
9793,510
10457,510
3687,1470
3687,259
3707,279
3708,316
3709,1390
3717,1204
5360,1204
3735,338
3755,1012
3755,572
4028,572
4036,572
5500,572
5861,572
6479,572
7036,572
7330,572
3760,531
3768,666
3937,666
3775,1485
3775,1288
3775,1508
3776,1078
5202,1078
5203,1078
5527,1078
6272,1078
6448,1078
8549,1078
10769,1078
3777,1334
3830,1334
3783,1258
3789,693
3790,1309
3790,244
3790,488
7428,488
7945,488
3790,789
7428,789
7945,789
3802,180
3803,1385
4406,1385
5430,1385
3811,1483
3811,846
3811,728
3813,182
3826,1454
3826,680
3826,1183
3826,236
3826,1411
3826,1455
3847,1076
3847,1367
3847,1265
3847,1439
3854,1125
3861,120
4768,120
3875,522
3875,440
3884,1533
3884,1237
3887,105
3900,105
3898,816
3944,816
3988,816
4188,816
3898,388
3916,233
3920,1180
3944,2
4753,2
3944,444
3944,697
3950,1322
4112,1322
6915,1322
6951,1322
9544,1322
3950,1148
6915,1148
3964,115
3978,815
3983,931
3987,1136
3988,277
3999,183
3999,1283
3999,1144
3999,922
4001,1505
4010,839
4010,113
4023,113
8345,113
9406,113
4016,1224
4978,1224
4023,628
4073,628
8025,628
8104,628
8345,628
8367,628
8603,628
9406,628
10139,628
10811,628
4029,1474
4055,1375
4063,1375
4105,1375
4127,1375
4131,1375
4346,1375
4073,96
4080,1383
8647,1383
8710,1383
4086,150
4089,738
4145,738
4152,738
6584,738
7323,738
9931,738
10001,738
11030,738
4113,1310
4120,276
5366,276
5660,276
4122,196
4138,1302
4158,441
4172,1128
7752,1128
9808,1128
10687,1128
4174,380
4185,574
4798,574
4829,574
4860,574
6948,574
7317,574
8722,574
8743,574
8884,574
8898,574
8905,574
9070,574
9104,574
9108,574
9248,574
9350,574
9370,574
9517,574
10513,574
4188,181
4218,1079
4228,994
4234,600
5621,600
4260,178
4939,178
5086,178
7445,178
4260,679
4939,679
4297,190
4307,548
4327,168
4331,842
4342,1486
7878,1486
7879,1486
4347,1000
4347,1292
4347,635
4347,926
4347,1248
4359,278
4360,1386
4360,1212
4360,419
4360,1147
4360,1365
4360,913
4391,1512
4393,1512
4415,1512
4393,590
4393,81
4415,81
5176,81
5299,81
4393,198
4415,198
5176,198
5299,198
4397,1395
4397,1402
7961,1402
10067,1402
4401,1303
4406,1477
4406,529
4412,384
4417,384
4412,945
4414,66
4415,1019
5299,1019
4436,209
4447,773
4449,436
4449,1138
4449,251
4449,1132
5894,1132
4458,422
4460,422
4459,941
4459,740
4459,1121
4484,1102
4487,23
4487,653
4509,663
4690,663
4512,1086
4644,1086
4754,1086
5098,1086
5357,1086
5511,1086
5624,1086
6098,1086
6426,1086
7287,1086
7325,1086
8068,1086
8167,1086
8170,1086
8985,1086
9034,1086
9413,1086
9814,1086
10494,1086
10616,1086
10660,1086
4522,667
4522,351
4522,351
4522,34
4522,561
4522,4
4541,629
8578,629
10056,629
4541,707
8578,707
10056,707
4541,1527
8578,1527
10056,1527
4543,49
4546,1228
4558,1040
4575,1167
4879,1167
4587,902
4588,93
4588,124
5287,124
4588,1100
4588,1159
4588,1336
4588,82
4588,307
4595,1413
4685,1413
4710,1413
4908,1413
4602,602
4603,1285
4627,31
4627,359
4627,1264
4629,1517
4634,1504
4634,1384
4634,774
4634,953
4637,370
4648,301
5119,301
5597,301
5600,301
4686,1403
4686,1257
4698,1054
4708,858
4708,852
4708,985
4715,374
4715,787
4717,688
4720,623
4726,1035
4738,13
5428,13
5645,13
4744,1196
4753,1487
4754,38
4765,1191
4765,952
4765,832
4765,975
4767,1067
4774,337
4780,337
4784,337
4790,337
4797,337
4887,337
4888,337
4896,337
4916,337
4937,337
4940,337
4776,702
4779,418
4792,474
11385,474
4793,172
8985,172
4824,1091
4829,1146
4860,1146
4986,1146
7317,1146
7336,1146
4831,358
6960,358
4831,1429
4836,1452
4837,645
4841,675
4872,592
4877,63
4882,1057
4894,364
6739,364
8601,364
4897,194
4900,500
4906,1113
4912,1124
4912,379
5895,379
5986,379
6049,379
7417,379
7989,379
8147,379
8153,379
8431,379
4927,292
4930,1472
4930,802
4965,695
4965,576
4967,576
5000,576
4967,967
5119,967
9145,967
10272,967
4967,95
4967,624
5086,624
4987,769
10643,769
5000,906
5000,165
5144,165
7854,165
5009,622
5009,1197
5045,649
5045,676
5047,900
8198,900
5061,715
5081,1306
5086,1082
5086,642
5091,1056
5093,1400
5103,1339
5107,980
5531,980
5531,980
5113,1348
5119,1154
5119,207
5127,1096
6484,1096
7225,1096
7369,1096
7656,1096
5132,224
5196,224
5265,224
9567,224
5140,938
5855,938
5143,123
5143,16
5143,586
5143,490
5144,65
5144,533
5145,339
10307,339
5176,1156
5189,12
5201,1438
5204,729
5242,1407
5250,1203
5251,1203
5266,1203
5332,1203
5333,1203
5335,1203
5344,1203
5347,1203
5351,1203
5257,540
5258,881
5284,964
5287,309
5304,343
5349,343
8148,343
5308,1137
5308,1087
5308,509
5308,1329
5308,1009
5329,1422
5336,1164
5336,97
5336,1412
5336,1388
5336,884
5337,263
9564,263
5366,121
5404,1249
5421,826
5427,1209
5428,1467
5645,1467
5428,25
5645,25
5430,293
5430,163
5435,45
5620,45
6294,45
7450,45
8978,45
10460,45
5445,132
5445,1081
5445,780
5448,1500
5494,1500
6937,1500
5457,944
5469,148
5469,862
5489,467
5490,467
5534,467
5538,467
5504,886
5530,1465
5531,255
5531,1489
5531,503
5531,1263
7445,1263
5531,1127
5531,155
5562,428
5565,1325
5568,705
5574,705
5597,69
5600,69
5597,744
5600,744
5597,1440
5600,1440
5597,145
5600,145
5599,1307
6028,1307
6466,1307
6709,1307
6963,1307
5621,1507
5629,342
5654,588
7098,588
7668,588
7987,588
8323,588
5656,485
5661,284
5664,284
5667,284
5671,284
5674,284
5675,284
5676,284
5677,284
5679,284
5749,284
5766,284
5827,284
5838,284
5842,284
5853,284
5862,284
5863,284
5865,284
5868,284
5896,284
5678,448
5678,1176
5683,411
5686,1235
5710,138
9438,138
5710,311
5716,1109
5735,329
5787,409
5793,544
5793,535
5793,1409
5799,35
5800,1061
6117,1061
5804,1373
5848,517
5848,997
5848,682
5867,223
5893,1120
6286,1120
6883,1120
7439,1120
8010,1120
5894,1244
5925,492
9116,492
9161,492
9185,492
9189,492
5939,1271
5939,1468
5949,734
5949,218
5949,1435
5964,247
5965,247
5981,247
6000,247
6066,247
6083,247
6089,247
6101,247
6113,247
6115,247
6128,247
6207,247
6212,247
6273,247
5968,673
5985,473
5985,694
5985,164
5993,62
6002,1038
6026,766
6028,883
6028,1320
6028,306
9025,306
6028,1451
6573,1451
6055,32
7091,32
6081,94
6108,59
6108,386
6117,834
6118,853
6118,6
6142,1379
6176,46
6179,1369
6187,1369
6195,1369
6226,1369
6235,1369
6262,1369
6282,1369
6370,1369
8499,1369
8573,1369
8651,1369
8844,1369
8925,1369
8975,1369
9279,1369
9280,1369
6183,1133
6186,350
6202,788
6202,297
6203,616
6222,14
7355,14
10331,14
10746,14
10747,14
6222,315
7355,315
10331,315
10746,315
10747,315
6265,866
6268,866
7997,866
11487,866
6270,20
7951,20
11485,20
6313,491
6570,491
6348,1340
6359,523
6369,523
6387,523
6388,523
6393,523
6396,523
6398,523
6401,523
6477,523
6522,523
6523,523
6529,523
6538,523
6558,523
6572,523
6588,523
6615,523
6621,523
6622,523
6665,523
6677,523
6679,523
6681,523
6689,523
6696,523
6697,523
6743,523
6748,523
6790,523
6792,523
6802,523
6373,704
6373,1437
6424,1308
6466,681
6507,659
6509,1051
6510,408
6511,1289
6519,803
6525,1037
6527,1037
6547,151
6547,72
6547,427
6547,1024
6547,821
6547,1177
6567,1213
10362,1213
6652,425
6660,970
6672,457
6674,1473
8224,1473
8256,1473
6683,844
6685,1218
6688,53
9260,53
9844,53
6690,413
6707,73
7040,73
8819,73
8819,73
6716,153
6716,1041
6728,363
6731,363
6737,159
6739,1202
8601,1202
6750,83
6788,703
9950,703
6805,1314
6960,1314
6809,1362
6809,1149
6835,1378
7338,1378
8664,1378
9525,1378
9647,1378
11576,1378
6839,763
6842,334
6846,438
6848,639
6849,1099
6852,1099
6889,1270
6916,882
6934,869
6939,112
6963,710
6969,397
6976,1243
7003,1210
7026,1210
7042,1210
7049,1210
7058,1210
7065,1210
7126,1210
7127,1210
7230,1210
7425,1210
7006,1499
7009,1246
7014,1338
7021,1518
7029,1441
7045,1181
7060,524
7060,1401
7060,160
7091,807
7138,125
7149,125
7168,125
7249,125
7266,125
7318,125
7533,125
7633,125
7652,125
7846,125
7146,1255
10481,1255
10693,1255
7163,1254
7163,1108
7196,204
7203,813
7203,888
7205,819
7241,1359
7241,563
7241,228
7249,51
7266,567
7266,1450
7266,283
7266,818
7274,684
7281,1006
7285,469
7297,817
7800,817
7298,579
7333,579
7318,1094
7318,559
7350,804
7383,1273
7386,868
7392,239
11404,239
7415,36
8306,36
8325,36
8328,36
8342,36
8355,36
8622,36
8903,36
7427,951
7428,417
7945,417
7428,231
7945,231
7431,192
7448,40
7492,40
7571,40
7581,40
7619,40
7693,40
7854,40
7962,40
7974,40
7977,40
7979,40
8000,40
8002,40
8013,40
8015,40
8049,40
7452,487
7462,1488
8051,1488
7464,1406
7468,211
7468,483
7476,130
7504,863
7514,1162
7514,336
7526,1323
7533,1185
7648,1185
7538,777
7538,1014
7541,501
7543,1502
7556,1145
7557,1416
7598,1141
7599,927
7599,1448
7605,1430
7619,762
7620,1238
7960,1238
7624,751
7639,654
7639,1299
7647,1116
7648,691
7675,1536
7675,1446
7675,830
7714,313
7729,656
7729,829
7735,327
7776,205
7795,613
7803,391
7854,1480
7920,896
7930,668
7960,74
9017,74
9021,74
9749,74
9809,74
10457,74
10649,74
7983,800
7983,518
7993,258
8004,1179
8007,1140
8918,1140
8017,568
8032,984
8039,1420
8045,714
8060,619
8060,486
8061,1112
8111,1112
8061,582
8111,582
8061,1335
8111,1335
8061,594
8111,594
8064,443
8078,191
10886,191
11197,191
11394,191
8128,1281
8219,683
8234,683
8238,683
8315,683
8317,683
8400,683
8250,1464
8258,940
8263,1214
8271,1225
8274,879
8285,367
8329,1415
8350,860
8391,134
8391,493
8397,909
9055,909
9696,909
9727,909
8398,758
8422,50
8435,685
8459,149
8542,149
8742,149
8471,937
11449,937
11450,937
8471,1280
9025,1280
8479,745
8479,1509
8479,103
8479,1391
8479,958
8479,959
8486,317
8731,317
8750,317
9105,317
9560,317
8505,1163
8514,963
8537,963
10909,963
8525,22
8536,828
8536,1059
8536,1376
8536,1476
8536,349
8536,245
8776,245
8776,245
8786,245
8558,864
8576,942
8578,1201
10056,1201
8615,893
8629,794
8645,764
8684,157
8786,157
8881,157
8886,157
8914,157
8956,157
8686,761
8847,761
8870,761
8964,761
9269,761
9605,761
10297,761
10387,761
8687,1539
8692,335
8692,1039
8698,1189
9183,1189
8700,1232
8704,257
8727,257
8734,257
8745,257
8765,257
8782,257
8816,257
8851,257
8880,257
8934,257
8971,257
8989,257
8999,257
9024,257
9042,257
9111,257
9201,257
9295,257
9452,257
9453,257
8715,982
8723,1130
8752,119
8752,298
8758,650
8758,1399
8760,61
8766,754
8776,898
8788,1524
8813,831
8813,18
8813,1221
8813,416
8813,458
8813,850
8813,652
8814,299
8850,1301
8867,114
8874,114
8874,404
9420,404
9850,404
8875,235
8883,1004
8885,215
8888,1272
8895,1408
8902,1178
8938,1410
8938,480
8938,615
8943,295
9003,295
10643,295
8943,1064
11505,1064
8943,1337
8947,825
10009,825
10655,825
8952,80
8967,80
8979,80
8958,569
8958,87
8959,749
8966,749
8974,560
8981,699
8985,669
8985,42
8985,948
8992,1497
8996,152
9180,152
9420,152
9495,152
9552,152
9587,152
9643,152
9726,152
9791,152
9809,152
9840,152
9951,152
10000,152
10040,152
10398,152
10432,152
10434,152
10457,152
9003,867
10399,867
10403,867
10462,867
10468,867
9004,208
9009,85
9026,633
9029,58
9031,47
9050,414
9050,64
9050,392
9098,1313
9121,956
9303,956
9138,939
9145,968
11412,968
9147,1261
9168,1495
9174,75
10491,75
9174,717
9203,1492
9219,30
9225,664
9238,1129
9253,70
9284,756
9304,932
10598,932
9310,446
9315,304
9345,21
9384,1230
9416,887
9420,1493
9423,566
9445,1211
9445,595
9467,1432
9467,865
9467,713
9472,221
10989,221
11182,221
11288,221
9501,1350
9501,549
9501,240
9501,772
9501,512
9516,308
9527,712
9529,1236
9553,1071
9553,506
9553,60
9606,1013
9614,551
9676,256
9686,961
9686,101
9686,433
9686,305
9686,142
9687,1173
9711,1521
10307,1521
11558,1521
11563,1521
9753,502
9827,460
9843,381
9850,1027
9876,796
9907,722
9926,641
10370,641
9926,229
9970,890
9976,280
9976,1396
9979,1256
10067,805
10092,312
10124,552
10158,187
10640,187
10951,187
10196,870
10792,870
10196,453
10443,453
10792,453
10196,1498
10792,1498
10279,905
11483,905
10292,660
10299,660
10302,660
10296,237
10795,237
10309,1372
10378,230
10378,718
10410,1034
10425,1282
10432,1036
10441,835
10457,665
10457,1222
10457,674
10457,1093
10485,1247
10491,914
10514,232
10540,232
10585,232
10618,232
10646,232
10537,1250
10537,347
10584,1364
10590,1152
10616,620
10617,1503
10617,143
10617,1043
10617,1532
10617,1417
10621,199
10627,1053
10643,1022
10644,1482
10650,478
10668,260
10708,507
10726,1331
10731,321
10740,489
10784,489
10779,873
10955,873
10792,770
10792,1510
10812,604
10848,875
10852,286
10864,109
10864,109
10864,109
10864,109
10864,109
10864,109
10864,109
10880,1423
10882,262
10886,262
10882,1150
10886,1150
10882,68
10885,107
10886,630
10915,1251
11030,1216
11031,1216
11040,371
11079,1462
11084,265
11095,810
11136,287
11136,169
11136,930
11136,988
11136,1158
11139,1205
11474,1205
11167,1389
11167,1193
11168,1363
11171,987
11193,987
11218,1084
11255,1044
11255,1535
11392,1535
11255,1506
11392,1506
11255,519
11255,1528
11392,1528
11261,330
11322,1318
11323,135
11328,511
11335,672
11368,212
11369,605
11369,920
11375,891
11375,625
11375,1377
11381,1377
11375,520
11375,776
11381,776
11381,776
11381,201
11385,950
11392,26
11392,969
11393,462
11393,77
11394,534
11401,429
11402,429
11403,429
11426,429
11427,429
11401,981
11402,981
11403,973
11505,973
11404,806
11404,1319
11405,742
11408,790
11408,389
11408,1194
11418,1426
11426,1475
11430,554
11452,28
11461,521
11461,1442
11461,1494
11464,1110
11475,1016
11476,1526
11476,784
11476,1151
11595,1151
11476,840
11476,1005
11476,1295
11476,1118
11476,977
11476,1262
11480,452
11596,452
11505,375
11509,1530
11509,923
11509,1240
11548,1260
11562,377
11572,345
11588,1048
11595,1008
11595,197
