tweet_id,usuario_id
1,673
3,4993
18,863
2257,863
19,4371
825,4371
1524,4371
1865,4371
2317,4371
2416,4371
2957,4371
5430,4371
22,3589
3134,3589
6596,3589
22,3034
179,3034
416,3034
879,3034
1972,3034
2289,3034
2328,3034
2423,3034
2472,3034
2494,3034
2497,3034
2566,3034
3051,3034
4071,3034
4075,3034
4238,3034
4434,3034
4795,3034
4841,3034
4842,3034
4992,3034
5154,3034
5172,3034
5190,3034
5192,3034
5216,3034
5224,3034
5422,3034
5424,3034
5747,3034
6076,3034
6492,3034
7034,3034
7352,3034
7570,3034
8452,3034
8526,3034
9882,3034
10410,3034
10554,3034
10975,3034
22,479
170,479
416,479
494,479
726,479
944,479
1476,479
1956,479
2683,479
2713,479
2827,479
3058,479
3588,479
3620,479
3877,479
3956,479
4055,479
4142,479
4409,479
4522,479
4842,479
5078,479
5136,479
5263,479
5270,479
5310,479
5482,479
5562,479
5588,479
5598,479
5799,479
5891,479
6152,479
6164,479
6245,479
6260,479
6492,479
7890,479
9056,479
9329,479
9483,479
9680,479
9808,479
9993,479
10054,479
10068,479
10136,479
10180,479
10204,479
10968,479
11154,479
11173,479
11294,479
11312,479
11321,479
11326,479
11336,479
11346,479
11347,479
11351,479
11543,479
11581,479
11613,479
22,1981
3134,1981
6596,1981
22,5003
7374,5003
22,7126
3663,7126
6596,7126
22,3893
22,719
22,3397
7723,3397
22,3447
22,5214
22,4737
22,5240
23,5526
35,6456
35,7329
35,2200
37,6806
383,6806
388,6806
494,6806
747,6806
1024,6806
1062,6806
1236,6806
1951,6806
2262,6806
2962,6806
3019,6806
3413,6806
4505,6806
4600,6806
4808,6806
5096,6806
5184,6806
5231,6806
5234,6806
5356,6806
5389,6806
5425,6806
5560,6806
5561,6806
5581,6806
5622,6806
5784,6806
6216,6806
7875,6806
8178,6806
9040,6806
9534,6806
10308,6806
10716,6806
39,1988
39,4150
39,5131
39,178
42,3050
4540,3050
42,4511
44,2953
59,4207
60,5368
78,5368
309,5368
555,5368
765,5368
830,5368
975,5368
1021,5368
1025,5368
1469,5368
1645,5368
2909,5368
2937,5368
2952,5368
3106,5368
3248,5368
3287,5368
3382,5368
3511,5368
3512,5368
4012,5368
4129,5368
5023,5368
5138,5368
5148,5368
5487,5368
5655,5368
5756,5368
5794,5368
6120,5368
6269,5368
7175,5368
7200,5368
7455,5368
7833,5368
7932,5368
8311,5368
9776,5368
9862,5368
9960,5368
10999,5368
11248,5368
66,5456
437,5456
455,5456
569,5456
1489,5456
4136,5456
4171,5456
4187,5456
6492,5456
8616,5456
10409,5456
10826,5456
11149,5456
11342,5456
69,260
71,3718
11093,3718
71,2129
82,5756
155,5756
175,5756
182,5756
206,5756
338,5756
419,5756
537,5756
589,5756
628,5756
664,5756
766,5756
774,5756
890,5756
924,5756
973,5756
1006,5756
1039,5756
1044,5756
1175,5756
1312,5756
1330,5756
1369,5756
1378,5756
1393,5756
1447,5756
1643,5756
1825,5756
1904,5756
2004,5756
2044,5756
2054,5756
2061,5756
2143,5756
2183,5756
2298,5756
2385,5756
2399,5756
2437,5756
2443,5756
2444,5756
2458,5756
2467,5756
2474,5756
2673,5756
3620,5756
4857,5756
6136,5756
7185,5756
7189,5756
7890,5756
9709,5756
9819,5756
10214,5756
10529,5756
10817,5756
10839,5756
92,160
532,160
674,160
902,160
1442,160
1981,160
2145,160
2274,160
2401,160
2435,160
2791,160
3016,160
3147,160
3162,160
3337,160
3390,160
3489,160
3660,160
3692,160
4020,160
4073,160
4152,160
4321,160
4325,160
4459,160
4522,160
4537,160
4563,160
4925,160
5236,160
5263,160
5270,160
5556,160
5562,160
5753,160
5811,160
6152,160
6164,160
6375,160
6399,160
6543,160
6561,160
6668,160
6672,160
7029,160
7068,160
7385,160
7880,160
8182,160
8261,160
8445,160
8564,160
8597,160
8599,160
8601,160
8603,160
8613,160
8963,160
9126,160
9197,160
9235,160
9308,160
9329,160
9417,160
9418,160
9525,160
9550,160
9591,160
9647,160
9706,160
9993,160
10073,160
10074,160
10112,160
10237,160
10243,160
10282,160
10285,160
10348,160
10425,160
10510,160
10540,160
10685,160
10726,160
10781,160
10843,160
10965,160
11029,160
11057,160
11065,160
11134,160
11149,160
11236,160
11238,160
11368,160
11386,160
11394,160
11479,160
11543,160
11555,160
11585,160
11613,160
11614,160
96,5995
96,3234
274,3234
287,3234
713,3234
717,3234
856,3234
921,3234
1197,3234
1472,3234
2332,3234
2515,3234
3098,3234
3316,3234
3335,3234
3379,3234
3442,3234
3451,3234
3908,3234
4125,3234
4299,3234
4532,3234
5385,3234
7745,3234
8445,3234
96,3803
98,2173
102,7005
107,6236
130,6236
583,6236
619,6236
732,6236
1568,6236
2322,6236
2341,6236
2464,6236
3227,6236
3479,6236
4134,6236
7378,6236
7625,6236
7878,6236
8236,6236
8552,6236
8624,6236
9763,6236
108,732
131,732
480,732
584,732
620,732
624,732
733,732
1569,732
2323,732
2342,732
2466,732
3175,732
3228,732
3458,732
3480,732
4135,732
5642,732
7379,732
7626,732
7879,732
8237,732
8553,732
8625,732
9764,732
122,1532
124,2082
127,4411
127,6196
127,6927
128,6324
128,1365
128,3672
128,1179
495,1179
579,1179
828,1179
834,1179
885,1179
3068,1179
5592,1179
7130,1179
7484,1179
8817,1179
8988,1179
134,3317
150,2341
152,6645
838,6645
944,6645
1086,6645
1701,6645
1939,6645
3992,6645
5765,6645
5806,6645
5936,6645
6062,6645
6391,6645
6722,6645
7309,6645
7465,6645
9371,6645
9638,6645
9724,6645
9797,6645
10117,6645
11149,6645
11506,6645
11530,6645
152,7444
1068,7444
1080,7444
3140,7444
6826,7444
6869,7444
152,6004
5846,6004
152,3530
601,3530
11120,3530
162,1913
3048,1913
3054,1913
3532,1913
5325,1913
5930,1913
5949,1913
7092,1913
9812,1913
170,2797
173,6864
234,6864
353,6864
365,6864
685,6864
2846,6864
2879,6864
5110,6864
5141,6864
5623,6864
6899,6864
7228,6864
7442,6864
9716,6864
10454,6864
174,6595
174,5059
179,5637
179,5907
189,3989
205,3989
828,3989
1449,3989
1450,3989
7397,3989
8560,3989
8692,3989
8788,3989
8803,3989
8817,3989
8893,3989
8894,3989
8935,3989
8945,3989
8946,3989
8988,3989
9145,3989
9498,3989
9889,3989
11271,3989
198,5841
198,5737
198,5878
1024,5878
5213,5878
7404,5878
200,2432
201,1984
443,1984
1072,1984
1077,1984
1170,1984
1426,1984
1936,1984
1970,1984
2386,1984
2387,1984
4197,1984
8543,1984
11149,1984
11167,1984
11278,1984
11396,1984
11525,1984
11529,1984
202,5063
203,3541
1075,3541
11149,3541
11224,3541
205,1472
205,5622
1111,5622
3473,5622
4184,5622
6626,5622
7377,5622
7487,5622
8584,5622
8762,5622
9095,5622
9099,5622
9864,5622
9907,5622
9967,5622
10007,5622
10080,5622
10136,5622
10278,5622
10491,5622
10778,5622
11037,5622
11271,5622
205,3785
828,3785
964,3785
1174,3785
2526,3785
6006,3785
6152,3785
6164,3785
7397,3785
7834,3785
8081,3785
8324,3785
8336,3785
8960,3785
9577,3785
9848,3785
9889,3785
11106,3785
11249,3785
205,2685
11120,2685
205,6283
8324,6283
209,2965
404,2965
9864,2965
211,383
211,2368
214,2170
216,2170
611,2170
8261,2170
220,2498
224,6657
225,4528
233,2753
2094,2753
2238,2753
242,6710
3101,6710
242,5067
243,108
477,108
486,108
721,108
850,108
984,108
1099,108
1755,108
1895,108
2688,108
3054,108
250,4267
252,6110
267,967
287,7013
298,3036
2120,3036
10086,3036
11506,3036
322,6096
324,6833
439,6833
771,6833
2274,6833
3153,6833
3185,6833
4022,6833
4409,6833
4537,6833
8022,6833
11142,6833
11299,6833
340,3696
370,320
4434,320
4841,320
4992,320
5154,320
5172,320
5190,320
5192,320
5216,320
5224,320
5225,320
370,3276
370,4024
370,1581
370,2867
4434,2867
4992,2867
370,6754
370,2201
370,7076
370,7069
370,1129
370,2643
382,6108
395,3569
404,5065
404,5543
2632,5543
8584,5543
9800,5543
10048,5543
11271,5543
404,6797
579,6797
404,32
579,32
828,32
964,32
1449,32
4441,32
4632,32
6152,32
6164,32
7130,32
7261,32
7622,32
7834,32
7916,32
7920,32
7951,32
8081,32
8361,32
8364,32
8584,32
8683,32
8699,32
8711,32
8719,32
8724,32
8766,32
8817,32
8893,32
8931,32
8960,32
8988,32
9490,32
9576,32
9651,32
9889,32
9900,32
9967,32
9972,32
9980,32
9982,32
10144,32
10279,32
10374,32
10377,32
10491,32
10713,32
11014,32
11016,32
11028,32
11106,32
411,7147
412,826
416,2228
416,1436
416,5458
416,3950
416,4515
436,4307
436,2639
440,1677
440,2568
442,589
5799,589
442,5688
453,5688
463,5688
563,5688
3048,5688
3054,5688
3140,5688
3532,5688
5325,5688
5989,5688
6732,5688
7735,5688
7941,5688
9982,5688
10377,5688
10965,5688
11134,5688
11236,5688
11412,5688
456,6457
457,3390
458,3197
461,116
1167,116
5030,116
11506,116
462,1047
465,4276
833,4276
2076,4276
2079,4276
2126,4276
2345,4276
2543,4276
2577,4276
2580,4276
5971,4276
5973,4276
6561,4276
8068,4276
8162,4276
8181,4276
10385,4276
11452,4276
467,4059
468,4059
1961,4059
472,6155
475,2470
4917,2470
5594,2470
7080,2470
479,5929
484,6347
534,6347
588,6347
5171,6347
498,4724
515,2405
1458,2405
3009,2405
515,6159
538,4319
601,4319
1357,4319
2028,4319
2834,4319
5928,4319
6947,4319
11120,4319
11336,4319
540,3201
946,3201
968,3201
4085,3201
556,2047
556,5429
558,2672
6333,2672
6566,2672
7105,2672
8584,2672
562,3102
573,3798
578,1230
578,7380
579,1459
7834,1459
8324,1459
579,7037
964,7037
7916,7037
9980,7037
579,2872
585,3216
597,1000
597,2310
597,3142
597,6377
601,4056
4674,4056
10060,4056
601,6654
601,5540
603,4102
8771,4102
603,5727
603,1325
603,4978
604,6512
2564,6512
4946,6512
7806,6512
8278,6512
10424,6512
10632,6512
10723,6512
10748,6512
622,1444
623,4894
625,4894
5641,4894
5643,4894
8461,4894
626,1039
5644,1039
630,6459
8110,6459
11398,6459
673,5261
693,4168
701,4168
5411,4168
5522,4168
10852,4168
11009,4168
693,6567
2577,6567
2580,6567
698,1322
1415,1322
1778,1322
2274,1322
2476,1322
2704,1322
2748,1322
2817,1322
2824,1322
2829,1322
2831,1322
2833,1322
2836,1322
2838,1322
2840,1322
2841,1322
2842,1322
2847,1322
2851,1322
2855,1322
2880,1322
2885,1322
2894,1322
2903,1322
6556,1322
10290,1322
11471,1322
11577,1322
699,5139
700,1510
700,2106
700,7458
736,7458
748,7458
6970,7458
715,5157
718,1906
726,6678
1162,6678
3723,6678
735,3598
3007,3598
743,4408
751,5254
756,3352
756,5735
760,462
1478,462
762,6660
762,135
762,1439
762,3916
772,2586
772,4901
772,548
787,6518
787,5690
796,6771
1335,6771
799,2481
801,4905
807,829
820,6732
824,6721
856,6721
4749,6721
6301,6721
8681,6721
9118,6721
10165,6721
10589,6721
831,4682
831,1998
964,1998
837,6550
5396,6550
11204,6550
842,2595
842,5036
5094,5036
842,901
5094,901
842,4832
5094,4832
842,5549
5094,5549
842,2986
5094,2986
842,1841
5094,1841
842,5125
5094,5125
842,456
5094,456
842,4550
5094,4550
842,918
5094,918
842,2767
5094,2767
842,6380
5094,6380
842,7434
5094,7434
842,2357
5094,2357
842,7173
842,5088
842,4979
852,519
856,6328
921,6328
4346,6328
5344,6328
5351,6328
6000,6328
6177,6328
6551,6328
6558,6328
6682,6328
6689,6328
8137,6328
8139,6328
8140,6328
8434,6328
8646,6328
856,5775
856,473
1442,473
1807,473
2401,473
2791,473
3016,473
3337,473
3456,473
7352,473
9895,473
856,6663
857,5770
861,3800
3808,3800
870,2659
872,5137
873,5137
874,5137
1327,5137
5317,5137
6892,5137
7446,5137
7447,5137
7449,5137
7667,5137
10474,5137
892,2442
894,452
901,30
901,293
3628,293
902,5743
902,4516
2827,4516
4522,4516
5562,4516
7029,4516
7431,4516
8206,4516
10950,4516
11368,4516
903,4103
907,7072
1266,7072
2181,7072
907,487
4648,487
11167,487
912,1468
914,3213
917,3213
922,3179
1902,3179
2166,3179
2526,3179
3529,3179
3698,3179
4048,3179
4286,3179
4519,3179
5233,3179
9093,3179
10003,3179
10090,3179
10178,3179
922,2875
1902,2875
2166,2875
2526,2875
3529,2875
3698,2875
4048,2875
4286,2875
4441,2875
4519,2875
5233,2875
9093,2875
10003,2875
10090,2875
10178,2875
922,1073
2166,1073
3529,1073
3698,1073
4048,1073
4286,1073
4519,1073
5233,1073
8324,1073
9064,1073
9093,1073
10178,1073
11219,1073
922,7117
2166,7117
3529,7117
3698,7117
4048,7117
4286,7117
4519,7117
5233,7117
10178,7117
934,6801
940,2571
948,925
948,7113
948,1282
949,4645
2232,4645
3663,4645
952,5552
971,122
993,3590
996,4735
997,4735
1013,2696
1013,3160
1015,1363
1019,1343
1019,6444
1031,6444
1024,5835
2564,5835
4992,5835
1024,125
2564,125
1024,2605
4434,2605
4992,2605
1024,3730
4434,3730
5236,3730
9228,3730
1034,3203
1057,6524
1057,5232
1057,3849
1061,3692
1061,1030
1061,5933
11069,5933
11608,5933
1078,114
2376,114
7136,114
1083,4877
1508,4877
1553,4877
3288,4877
1102,4723
1352,4723
1109,482
1110,7327
1110,6452
7923,6452
1113,2949
8879,2949
1129,4656
1132,3957
1137,3756
2274,3756
3055,3756
3086,3756
5856,3756
10980,3756
1160,1997
2382,1997
3688,1997
1161,5712
5209,5712
1166,298
1166,1718
1166,753
1198,6205
1213,792
1216,5556
1335,5556
1340,5556
1344,5556
1220,5980
1231,406
1246,4050
1246,793
1266,6046
1276,782
1285,3335
1285,963
1289,2832
1293,163
1297,7394
6249,7394
7555,7394
1307,2352
1311,2542
4974,2542
5092,2542
1311,439
1311,3717
1311,4658
1311,6176
1311,6301
1331,7119
1334,1340
1526,1340
1716,1340
1875,1340
2078,1340
2269,1340
2380,1340
1334,6944
1526,6944
1716,6944
1875,6944
2078,6944
2269,6944
2380,6944
1335,877
1335,1765
1337,5256
1337,2101
1338,814
1338,4866
1338,1126
1338,5338
1338,4459
1338,4562
1340,563
1341,1638
1341,998
1341,6395
1353,919
1357,49
3744,49
5522,49
1358,937
11142,937
1362,7257
1363,4989
1367,3906
1427,2026
10677,2026
1436,5095
1448,3353
1451,3353
1451,5957
1458,5330
1466,6431
1480,6302
1480,531
1480,6098
1480,6796
1483,1068
1486,6734
1528,6734
1582,6734
1600,6734
1672,6734
1677,6734
1682,6734
1718,6734
1726,6734
1727,6734
1763,6734
1769,6734
1770,6734
7448,6734
1493,1862
1495,62
1497,4325
5820,4325
5859,4325
5913,4325
5917,4325
5955,4325
5956,4325
5963,4325
5979,4325
5984,4325
5988,4325
5994,4325
6007,4325
1498,7475
1586,7475
1588,7475
1589,7475
1596,7475
1609,7475
1610,7475
1611,7475
1618,7475
1620,7475
1624,7475
1632,7475
4711,7475
10713,7475
1522,1914
1532,5259
1534,3677
1534,6698
5556,6698
5598,6698
10998,6698
11079,6698
11347,6698
11543,6698
1550,2906
1553,33
1557,1806
1565,679
1567,7018
1574,4305
1613,1181
1670,4104
1671,676
1686,6668
1686,3509
1686,3816
1686,2382
1749,2382
1707,6725
3742,6725
1712,77
1973,77
1974,77
2120,77
4032,77
4034,77
4121,77
4698,77
7759,77
8804,77
1713,6268
5868,6268
1725,4189
1767,2080
1767,3557
1767,380
3646,380
4869,380
7610,380
1777,4101
5404,4101
1784,4711
1793,196
7232,196
1803,6681
1819,3609
1832,1748
1832,7141
1857,4255
1857,7123
1860,1317
1871,6399
8803,6399
9649,6399
10144,6399
11033,6399
11266,6399
1880,7379
1884,1009
2103,1009
8543,1009
1884,5466
1884,6561
1884,891
10734,891
1887,4039
1894,3716
8163,3716
10709,3716
11585,3716
1902,3797
2526,3797
4286,3797
10090,3797
10178,3797
1902,6356
2526,6356
3529,6356
4286,6356
9093,6356
10178,6356
1917,1627
1921,7210
1921,3670
1931,4785
1932,3237
1938,1128
6290,1128
7131,1128
7145,1128
1950,1606
1975,2292
3988,2292
8874,2292
9850,2292
2014,6092
4882,6092
2014,15
2014,7063
2014,7412
2038,5361
2043,5372
2047,1390
2047,2169
2051,6138
2052,6982
2075,40
2076,1501
2126,1501
9585,1501
2103,2644
5051,2644
2103,6185
2111,686
2116,3193
2120,6600
2121,7051
2134,939
2173,1440
2206,6067
2232,6378
2232,6152
2232,4636
2232,7025
2239,5524
5582,5524
5603,5524
10905,5524
10962,5524
2245,747
2252,4639
2261,3728
2274,2287
2287,2174
3855,2174
8452,2174
2287,5636
2320,1272
2376,1272
2320,5588
2376,5588
2320,898
2376,898
2345,2162
2346,7190
2354,2512
2363,2500
2369,2502
2376,3630
8292,3630
2447,4605
6298,4605
6303,4605
6714,4605
8318,4605
8977,4605
2449,4878
2449,997
2460,1650
2460,6323
2460,2674
2462,5198
2473,2814
4310,2814
2475,6297
2478,13
2482,5054
2513,5054
4500,5054
4565,5054
4810,5054
2501,2225
2501,4966
2526,1699
3529,1699
4286,1699
6908,1699
11506,1699
2532,3740
2532,1796
2532,405
2532,1987
2532,2747
2532,6699
5757,6699
2532,5292
2532,5687
2532,4582
2532,4794
2532,4264
2532,6617
2532,2247
2532,1880
8481,1880
2557,327
6142,327
2557,3419
2562,6549
2566,1759
2566,7250
2566,3935
2577,4480
2580,4480
2577,6330
2580,6330
2577,2440
2580,2440
2577,3336
2580,3336
2620,1883
2625,1883
2628,1094
2632,2279
2638,5950
2638,3033
2649,2972
2656,1523
2675,1551
2682,4884
2700,7086
2707,4517
2730,1675
2734,236
2752,6265
2823,379
2827,3545
4882,3545
6399,3545
10589,3545
2827,2555
2838,880
2856,2188
2907,2999
3297,2999
4476,2999
4843,2999
5025,2999
6443,2999
2907,761
2911,761
2944,5388
2944,1386
2978,2367
3002,7090
7119,7090
3009,4442
3009,4596
3010,4596
3010,857
3010,2441
3010,1280
3012,4191
3013,2036
3015,1512
3015,7247
3018,3508
3018,2635
3018,1974
3022,1271
3028,5890
3031,1007
3031,4016
3033,4752
3041,3048
3048,400
3054,400
3532,400
5325,400
7735,400
3051,4163
3051,4551
3055,6364
3086,6364
3063,7057
3068,1081
3068,1464
3068,2930
3068,962
8729,962
3068,172
3073,348
3074,348
3435,348
7764,348
9570,348
3081,1059
3087,1059
3090,1852
3101,464
3113,4788
3129,4052
3134,4073
3136,4073
6519,4073
10008,4073
10739,4073
3134,817
3134,5428
3134,2429
6596,2429
3134,7094
8256,7094
3134,3398
4672,3398
11555,3398
3134,5272
3134,4709
3134,6685
3134,1805
8256,1805
3140,5516
3157,50
3165,4091
5602,4091
3174,5283
3457,5283
3184,5018
7707,5018
3186,6731
3199,2202
3199,4423
3233,144
3238,1329
3239,1744
3239,6570
9386,6570
3267,6148
3725,6148
3288,723
3302,6254
6130,6254
3304,2908
4069,2908
9675,2908
3308,6795
3308,296
3312,3086
3312,1779
3328,5548
3339,7296
4887,7296
6590,7296
8219,7296
3349,1147
3350,3444
3374,3570
3381,1869
3452,1869
3387,325
3401,5280
3813,5280
3898,5280
3903,5280
4056,5280
4236,5280
3433,3176
7657,3176
8495,3176
3444,3068
3450,3068
3452,3068
5771,3068
6470,3068
6663,3068
8740,3068
9102,3068
9303,3068
9895,3068
10203,3068
10275,3068
3446,6011
4400,6011
5295,6011
6908,6011
7261,6011
8409,6011
8584,6011
8679,6011
8688,6011
8697,6011
8935,6011
9064,6011
9579,6011
9708,6011
9907,6011
9967,6011
10104,6011
10107,6011
10160,6011
10163,6011
10184,6011
10210,6011
10351,6011
11271,6011
3452,974
3463,4996
3463,2176
3463,2702
3463,7097
3468,6231
3484,3867
3814,3867
3852,3867
3853,3867
11365,3867
11441,3867
3502,6064
3504,7405
9413,7405
3527,5991
3591,4237
3594,381
3597,5891
3597,5263
3607,4660
3619,6320
3619,6087
3628,4172
3632,6441
3648,6832
11163,6832
3652,1277
3653,4417
3654,4417
3655,4386
3662,5455
3684,6532
3684,2195
3725,4222
3725,3562
3744,1176
3758,780
3762,1231
3762,411
3762,1199
3769,3568
3769,3892
3769,6931
3769,5908
3772,6515
3777,2679
3830,2679
4329,2679
3777,469
3786,4473
4368,4473
4431,4473
3794,6640
3802,437
3813,1020
3815,82
3815,3998
3816,7109
3821,2474
3836,2474
10000,2474
3834,4997
4807,4997
4890,4997
5109,4997
3838,2217
3841,5102
4684,5102
3844,3923
3858,2093
3881,2093
9318,2093
11111,2093
3858,6471
3858,4448
3862,6453
3862,986
3887,4132
3903,5684
3904,242
10668,242
3912,2015
3921,750
10112,750
11186,750
3934,3862
3960,6310
3960,6653
3973,4949
3973,2858
3973,1242
3982,1575
4022,1591
4681,1591
4023,6234
4028,683
4070,4904
4096,4726
4098,4726
4099,4726
4169,4726
4104,2761
4115,5234
4153,1734
4167,3071
4189,2710
4295,2710
5006,2710
5377,2710
8652,2710
4250,5953
4258,6321
4259,7154
4297,3479
4297,5116
4305,5525
4309,4071
4309,4751
4322,3807
4326,286
4329,888
4335,3184
4476,3184
4344,3332
4476,3332
4349,6740
4351,301
4359,3987
7419,3987
4393,5133
4415,5133
4407,2071
4407,2627
4408,6989
4409,5093
6160,5093
4409,2096
4412,3255
10709,3255
11149,3255
11352,3255
11585,3255
4416,3092
4416,746
7677,746
4434,2907
4434,5508
4992,5508
10975,5508
4434,3442
4437,1899
4458,4303
4459,2964
4459,338
4459,4413
4459,1083
4476,3865
4478,3865
4476,395
4479,5487
4481,4959
4487,6351
4502,2383
4505,3975
5423,3975
5515,3975
5686,3975
5801,3975
6091,3975
6173,3975
6457,3975
6459,3975
6463,3975
6548,3975
6649,3975
6652,3975
6718,3975
6723,3975
6763,3975
6776,3975
6795,3975
6838,3975
6876,3975
6884,3975
6933,3975
6939,3975
6944,3975
6946,3975
6956,3975
6957,3975
6958,3975
6962,3975
6964,3975
6965,3975
6966,3975
6969,3975
6980,3975
6981,3975
6983,3975
6990,3975
6996,3975
6997,3975
6998,3975
7006,3975
7010,3975
7011,3975
7012,3975
7013,3975
7031,3975
7134,3975
4521,5493
4521,1669
10543,1669
10561,1669
4528,2948
4529,3934
4537,7133
4558,3408
4566,6360
4566,2890
4567,2029
4567,1490
4596,1326
4600,3853
4600,7100
4610,7045
4614,5680
4614,4776
4618,12
4618,2933
4620,4294
4620,203
4620,3500
4620,4526
4632,2937
11484,2937
4633,7049
4637,3038
4637,3130
4639,3985
4648,2297
4651,6425
4655,2691
6251,2691
4668,1983
4668,3137
4674,4688
4692,4688
4674,1645
4674,495
4987,495
4681,4620
4681,7464
11119,7464
4687,6711
4691,1241
4692,471
4708,5222
9962,5222
4717,1010
4718,6895
4719,4044
4721,3323
4721,1211
4721,3460
4727,7112
4745,7112
4730,173
4731,1370
4952,1370
4953,1370
4748,2298
4748,3375
4748,6404
4749,3525
4752,3811
4769,6434
4928,6434
4933,6434
4950,6434
9768,6434
10181,6434
4807,5964
7563,5964
4810,517
4811,3766
4825,3342
4825,2983
4838,297
4838,2754
4838,1442
4838,305
4838,2748
4838,6391
4838,3514
4856,629
4857,7027
4864,752
4869,6406
4968,2828
5236,2828
4968,1801
4968,1672
4968,7169
4968,943
4972,1331
5000,885
5012,7067
5051,7067
5034,1716
5063,2099
5063,4763
5063,2738
8652,2738
5080,5039
5101,328
5105,3885
5129,6761
5129,403
5139,5982
6576,5982
5142,2698
5142,6409
5142,4903
5142,3709
5143,2492
5147,979
5168,161
5175,3059
5176,3059
5299,3059
5178,6917
5190,3926
5193,4673
5225,4673
5227,4673
5196,6533
5265,6533
5494,6533
8584,6533
9344,6533
9567,6533
5197,1344
5197,1599
5197,1762
5225,1979
5226,3884
5228,357
5229,6896
5233,4121
10090,4121
5235,3409
5235,6921
5236,4934
8834,4934
9303,4934
9812,4934
9895,4934
5259,1831
8581,1831
5260,5266
5260,3691
5260,5696
5279,1066
5403,1066
5288,22
5288,4223
5289,3259
5297,4838
5298,1281
5298,6412
5308,5909
5310,5554
5349,1539
5411,733
5416,6276
5421,7306
5424,1335
6597,1335
5429,7479
5430,4890
5430,5537
5547,5537
5430,1864
5430,4793
5439,3711
5445,4916
5454,1855
5467,6689
5467,4414
5467,1240
5467,6224
5467,3825
5467,892
5468,6402
5470,4630
5470,2269
5472,2009
5472,5289
5483,7021
5486,684
5486,5463
5493,3359
5493,6463
5493,4116
5504,872
5513,6575
7972,6575
11591,6575
5514,112
5514,3605
5514,6339
5521,7262
5523,1516
5523,5586
5523,938
5523,9
5523,1942
5523,5079
5523,5999
5523,6165
5523,6937
5523,3549
5523,3339
5523,824
5523,5971
5523,3764
5523,5422
5523,4684
5523,5271
5523,3219
5523,6375
5523,3702
5523,1696
5523,4546
5523,2540
5523,7338
5523,6228
5523,4032
5523,5972
5523,5233
5523,1989
5523,4109
5523,1928
5523,3465
5523,2193
5523,4706
5523,6952
5523,6824
5523,460
5523,3009
5523,3146
5523,7423
5523,215
5523,2806
5523,6568
5523,598
5523,4852
5523,4396
5523,1956
5523,2205
5523,4921
5523,4282
5524,6686
5545,7473
5545,6629
5568,78
5571,43
5580,7059
5582,2711
5587,1992
11472,1992
5588,5626
5592,6039
11120,6039
11225,6039
5609,6370
5634,1175
5666,1175
7670,1175
5638,4234
5638,928
5638,935
6456,935
5638,5216
5652,4774
5652,2611
5652,823
5652,6597
5652,3830
6633,3830
8963,3830
9197,3830
9235,3830
9308,3830
9417,3830
9418,3830
9525,3830
9550,3830
9570,3830
9591,3830
9647,3830
5658,26
5658,484
5663,506
5663,5341
5663,5595
5672,4569
5683,4569
5674,514
5675,3016
5676,1519
5683,5299
5694,3093
5696,2070
5710,7047
5716,5387
5716,5107
5718,2795
5733,734
5753,2604
5783,6909
5785,5913
5790,472
7412,472
11412,472
5792,1419
5798,1703
5799,3913
5930,3913
5799,7129
5811,779
10965,779
11134,779
5811,2873
10965,2873
11134,2873
11236,2873
5830,2163
5841,801
5843,39
9759,39
5847,738
5849,5191
5862,575
5879,3614
5883,7450
5884,6062
5921,783
5922,776
5924,699
5928,4708
5935,6777
7303,6777
7690,6777
8194,6777
9493,6777
9833,6777
9880,6777
9904,6777
10728,6777
5937,1263
5953,6432
6433,6432
7119,6432
7352,6432
5956,2881
5964,6605
6572,6605
5966,6094
5966,5072
5972,5898
5973,1966
5975,3383
5975,1323
5975,1894
5982,3663
5983,3663
5997,3391
5998,5149
5999,1342
6001,476
6001,642
6067,2143
7701,2143
6071,6476
6071,7321
6090,1886
6091,3641
6117,4390
6152,4406
6164,4406
6170,3762
6182,5
6199,1689
6228,1689
6380,1689
6409,1689
6414,1689
6422,1689
6424,1689
7274,1689
6205,4045
6211,446
6211,3031
6216,3456
6228,7048
6414,7048
6252,7390
6252,4729
6260,458
6285,4775
6299,7282
6320,6821
6320,6033
6338,2246
6339,1553
8984,1553
6350,2299
6350,5205
6353,4638
6353,5514
6355,5906
6356,4640
6361,6782
6363,1354
7358,1354
6375,2
6376,1380
6376,6506
6383,2676
6384,279
6389,2653
6391,6510
6399,4950
6408,75
6408,4389
6412,3115
6428,916
6428,3497
6433,2799
6437,5200
6441,5874
6453,790
6472,1524
6474,6855
6475,3039
6483,6140
6485,6691
6489,6197
6498,318
6500,2447
6509,773
6515,2485
6519,6122
8256,6122
9942,6122
10008,6122
10739,6122
6519,1119
10008,1119
10739,1119
6552,4898
6575,6576
6596,5126
6596,6666
6596,1027
6596,5434
6596,4761
6596,5020
6596,2819
6608,2112
10912,2112
6609,6887
6613,4350
6627,4718
6627,609
6631,1085
11003,1085
6633,3792
11173,3792
6636,2687
6652,1761
6652,539
6675,1853
6931,1853
6678,1383
6678,4046
6678,1184
6678,5600
6678,5462
6678,6594
6678,3844
6678,6309
6678,3962
6678,6662
6678,3195
6678,5444
6678,2837
6678,6472
6678,5105
6678,7007
6678,6464
6678,7287
6678,7040
6678,4583
6678,426
6678,911
6678,2803
6678,2244
6678,6422
6678,7186
6678,1463
6678,1413
6678,3241
6678,7343
6678,1024
6678,852
6678,6509
6678,1850
6678,4821
6678,1437
6678,1712
6678,7207
6680,4199
6687,6229
6687,3744
6700,5098
6700,4245
6703,1162
6713,3678
6722,3686
6728,6387
6728,4981
6731,4981
6728,6665
6731,6665
6728,6298
6731,6298
6731,5411
6735,1826
6735,7042
7249,7042
7362,7042
7386,7042
7707,7042
6735,5488
6747,2553
6752,459
6756,1186
7412,1186
6766,525
6772,2869
6793,2285
8481,2285
6804,3611
6806,5572
6806,401
6819,4610
6839,21
6846,2721
6848,19
6857,3905
6861,2578
6877,2728
6900,7105
6906,7105
6917,7105
6919,7105
6908,3404
6929,6778
6938,5384
6939,5082
6950,6766
6959,2536
6970,4333
7579,4333
6973,4849
6988,602
6988,7288
6988,7292
6988,4587
6988,906
6988,2226
6988,2947
6988,4119
6988,595
6988,6104
6988,1290
6988,3868
6988,4219
6988,5758
6988,2260
6988,5936
6995,1656
6995,1611
7000,7180
7000,3999
7021,45
7021,6682
7021,4955
7021,3181
7021,2926
7021,5699
7035,6417
7036,904
7052,3331
7054,6747
8438,6747
7060,6774
7079,1839
7085,2668
7097,3494
7134,7263
7139,6965
7139,6871
7146,4420
7152,3150
7158,2773
7172,7407
7177,4923
7185,7194
10524,7194
7185,5998
7194,1239
7212,1925
7232,4530
7237,2220
7237,117
7249,6643
11149,6643
7250,2253
7261,6299
8324,6299
7261,4951
7349,4951
8365,4951
8571,4951
8699,4951
9864,4951
7261,6300
8875,6300
7261,2194
7263,662
7267,3357
7274,4201
7304,3407
7311,954
7311,3268
7311,2123
7311,1301
7311,4351
7311,2614
7311,3043
7311,6872
7311,4504
7311,4893
7311,2694
7311,2370
7311,162
7311,1739
7311,990
7311,143
7311,6991
7311,2624
7311,259
7311,1013
7311,2116
7311,2650
7311,5144
7311,7438
7311,7308
7311,610
7311,6746
7311,3458
7311,841
7311,4178
7311,168
7311,7202
7311,608
7311,6748
7311,4541
7311,6106
7311,7149
7311,5186
7311,5046
7311,1729
7311,2329
7311,5204
7311,1273
7311,2885
7311,3094
7311,1920
7311,6716
7311,6372
7311,2902
7311,6755
7315,2564
7315,1209
7326,2820
7337,1902
7352,1567
7358,181
7397,1003
7397,316
7397,2256
7397,2699
11011,2699
11108,2699
7404,4946
7408,3356
7412,7408
7420,4892
7432,6672
7434,2657
7438,5927
7454,6006
11506,6006
7458,2192
7470,3826
7476,2421
7493,2196
7501,2196
7496,952
7517,5369
7533,7323
7573,645
7579,4779
7590,5697
7607,3108
7607,1406
7614,5081
7622,4705
7639,4008
7641,4402
7665,2340
7670,878
7672,1807
7676,1165
7676,2119
7676,7020
7683,701
7684,3697
7691,2509
7691,5445
7708,5674
7723,1842
7733,4672
7765,1923
7772,7433
7783,5326
9565,5326
7814,2962
7815,4365
7815,229
7830,3412
10536,3412
7834,7231
7851,6537
7852,5364
7859,7470
7896,6744
7896,5159
7896,7070
7896,7160
7896,1605
7896,6374
7896,5245
7896,6674
7897,359
7897,2581
7916,1249
8081,1249
9490,1249
9967,1249
7934,1396
7978,2286
7978,5194
8022,1215
8022,4661
8022,7278
8024,2434
8746,2434
8027,2051
8037,5075
8055,3907
9219,3907
8057,183
8063,7209
8081,1745
8099,1959
8105,697
8107,1932
8118,6410
8163,6581
8163,4231
8172,5849
8173,5195
8173,6980
8206,4225
10282,4225
8242,1496
8255,6546
8589,6546
8256,3771
8256,5005
8256,921
8258,6357
8258,2513
8258,2827
8258,7192
8258,6526
8258,6507
8258,94
8258,2049
8258,6630
8258,766
8267,5318
8296,4461
8313,6702
8324,2876
11271,2876
8324,101
8324,5034
11271,5034
8333,7229
8333,193
8336,5239
8336,2344
8960,2344
10027,2344
8338,1389
8338,6807
8338,6181
8338,1946
8338,6497
8338,1594
8338,282
8338,6269
8338,304
8338,5246
8338,813
8338,6994
8338,5419
8338,4393
8338,5426
8338,5378
8338,3534
8338,7167
8338,936
8338,1078
8338,392
8338,1037
8338,3396
8338,6279
8338,2436
8338,2018
8338,4750
11506,4750
8338,6573
8338,1665
11271,1665
8338,6467
8338,6332
8338,6307
8338,386
8338,3550
8338,3543
8338,6878
8338,2044
8893,2044
8345,5769
9552,5769
9587,5769
8351,6826
8360,587
8371,5248
8412,1141
8429,1114
8436,1521
8437,1407
8445,4342
8462,2104
8464,1907
8474,1508
9257,1508
9633,1508
8481,6475
8481,4487
8481,4812
8489,6941
8489,6050
8489,3252
8489,4643
8489,6563
8489,3595
8489,6683
8494,3449
8524,1595
8524,5359
8524,3175
8524,1143
8524,6837
8524,4130
8524,693
8526,6879
10554,6879
8559,3714
8910,3714
9792,3714
8584,1815
8584,657
8584,5638
8584,6295
8584,3319
8604,3909
8615,745
8652,4897
8652,1973
8652,7330
8652,2915
8652,6123
8652,6960
8652,1140
8680,5500
8691,2027
8692,4107
8701,4107
8725,4107
9145,4107
8716,2142
8729,889
8729,562
8729,7118
8737,6448
8760,5802
8781,2419
8783,1345
8786,2197
8803,7437
8810,6240
8810,7350
8822,5681
8831,5706
8834,7
8839,1509
8874,5897
8879,7396
8879,7171
8879,1619
8879,6334
8881,5007
8886,5007
8889,4152
8889,4830
8889,6249
8891,7333
8904,6535
8944,1749
8976,5843
8988,5282
8988,1072
8988,252
8988,2079
8988,948
9007,7071
9040,2506
9052,1246
9073,1949
9077,4043
9083,4681
9107,5949
9129,7291
9139,3273
9139,3337
9139,287
9511,287
9818,287
9141,2982
9146,5024
9146,4063
9150,7324
9152,648
9168,5446
9172,6592
9226,1585
9228,4009
9238,1927
9238,3953
9262,3653
9296,5281
9321,7150
9385,2087
9397,1767
9402,6611
9406,850
9415,5811
9419,6065
9427,2712
9489,6613
10774,6613
9528,2069
9528,2656
9570,2017
9570,35
10974,35
9595,5520
9623,6091
9639,6329
9639,3757
9649,5931
9669,966
9677,6084
9692,4232
9698,4038
9736,7312
9772,5091
9805,7121
9818,1306
9855,5919
9862,5753
9864,1549
9864,2282
9886,538
9914,538
9895,6162
9900,3729
9900,6382
9900,1425
9916,3695
9980,6614
10061,46
10064,3808
10074,6739
10074,4940
10090,3715
10178,3715
10098,505
10108,3700
10134,7317
10203,2254
10255,6742
10282,5229
10352,4441
10380,2750
10390,1550
10390,4287
10390,1499
10390,6972
10390,1248
10390,3724
10390,860
10395,5967
10397,740
10416,2380
10596,2380
10430,5965
10433,6902
10462,4805
10478,5410
10732,5410
10992,5410
10527,5401
10532,4082
10595,1558
10708,1133
10709,7023
11149,7023
10713,5402
10713,6014
11028,6014
10734,139
10734,3648
10753,1768
10852,2520
10852,3815
10856,1093
10858,4609
10858,5732
10933,5732
10864,2746
10869,2325
10871,6085
10893,7008
10995,7008
11090,7008
10906,3158
10918,5231
10922,927
10945,581
10950,1025
10952,1080
10978,1080
10964,4019
10968,3453
10974,156
11506,156
10974,3573
10974,4883
10982,3270
10982,5723
10982,1950
10982,2342
10982,2554
10982,1216
10982,3657
10986,2716
10986,2375
10986,2134
11003,278
11007,4505
11008,3991
11010,3889
11015,1251
11016,2776
11016,3311
11023,240
11024,1596
11024,6724
11028,1495
11028,1538
11028,3217
11028,2280
11031,3850
11047,3783
11048,5992
11048,5305
11048,886
11048,1809
11077,1633
11080,1051
11083,4840
11086,3890
11087,4524
11092,5748
11104,5694
11105,3386
11109,3095
11109,186
11110,4816
11179,4816
11121,4608
11140,6344
11140,7427
11140,2448
11140,5771
11140,1254
11140,3492
11140,6764
11140,2822
11140,5940
11140,3732
11140,6035
11140,4968
11140,2619
11140,4372
11140,611
11140,409
11140,769
11140,3838
11140,5765
11140,1713
11140,1110
11140,1590
11140,4548
11140,16
11140,28
11140,3660
11140,2430
11140,1321
11140,5794
11140,3551
11140,2302
11140,7354
11140,2557
11140,3881
11140,5312
11140,2007
11140,6932
11140,3517
11140,5030
11140,5015
11140,4340
11140,7204
11140,4142
11140,5331
11140,4802
11140,5598
11140,4493
11140,457
11140,1573
11140,6166
11149,3318
11161,6252
11163,7034
11164,6163
11167,2271
11180,6646
11195,5709
11209,2301
11213,1467
11249,5050
11249,51
11249,334
11249,413
11271,7172
11271,3067
11271,4973
11271,6345
11271,4795
11285,3963
11285,1526
11291,7481
11292,1554
11331,237
11344,1697
11350,6757
11360,5511
11360,3979
11387,4169
11405,3781
11422,3627
11428,7322
11428,1787
11428,4299
11429,358
11432,6839
11488,3669
11489,3669
11490,3669
11492,3669
11488,2132
11489,2132
11490,2132
11492,2132
11488,6179
11489,6179
11490,6179
11492,6179
11488,2127
11489,2127
11490,2127
11492,2127
11488,1399
11489,1399
11490,1399
11492,1399
11488,4935
11489,4935
11490,4935
11492,4935
11488,3512
11489,3512
11490,3512
11492,3512
11488,3474
11489,3474
11490,3474
11492,3474
11488,7448
11489,7448
11490,7448
11492,7448
11490,3125
11494,4327
11506,2561
11506,6749
11509,6028
11515,837
11515,4281
11525,109
11528,5111
11528,1046
11541,1046
11543,5053
11543,3495
11544,1096
11545,5871
11552,7359
11572,4422
11576,5904
11582,1087
11602,5962
