tweet_id,url_id
2,468
4,536
5,604
6,338
7,338
11,30
13,371
14,154
17,181
18,354
18,283
20,38
23,619
25,548
26,525
27,763
28,573
29,154
31,468
32,734
33,734
34,371
36,155
37,150
38,226
40,154
41,371
45,154
46,548
51,404
52,154
54,619
56,759
58,548
59,468
60,107
61,579
65,36
66,622
68,318
69,473
70,154
73,525
75,371
76,338
78,107
79,579
81,236
82,338
89,107
91,154
92,240
95,444
97,38
99,371
100,759
103,38
104,154
105,371
106,788
107,555
108,555
111,154
112,548
113,504
114,565
115,154
117,555
118,134
119,284
120,525
121,21
123,548
124,154
125,338
126,531
127,154
130,555
131,555
133,154
135,371
140,371
141,38
142,154
143,371
147,604
151,763
154,338
155,338
156,338
157,338
157,338
158,423
160,338
161,687
162,338
163,371
164,117
168,371
169,371
170,218
172,579
173,433
175,338
176,371
177,371
178,371
180,154
181,531
182,338
183,788
184,154
185,642
186,154
187,234
188,234
190,107
191,423
206,371
207,371
208,579
210,725
212,759
213,318
214,338
215,38
216,338
217,759
218,338
219,318
221,60
221,718
222,504
226,38
230,512
233,557
234,433
235,398
239,38
240,531
245,423
251,154
252,232
254,436
255,371
257,462
257,548
262,338
264,550
265,642
266,579
267,313
269,423
270,548
276,371
277,444
278,338
280,338
284,504
286,371
288,325
289,406
290,423
291,423
292,117
299,318
300,371
301,338
304,244
308,38
309,107
314,759
315,759
316,642
318,659
321,371
323,318
325,620
327,548
328,36
329,579
331,338
332,548
334,141
335,371
336,371
336,371
337,338
338,338
339,371
344,371
346,423
347,371
349,107
352,38
353,433
355,371
356,436
359,548
363,325
364,21
365,433
367,371
368,38
369,796
372,117
373,38
378,620
379,338
381,548
383,150
384,550
385,387
386,371
388,150
389,793
390,36
393,423
397,371
398,788
400,423
401,724
406,318
407,371
408,433
409,683
410,338
412,235
413,328
415,579
419,338
420,338
421,104
422,107
423,423
425,371
426,371
428,338
429,642
433,107
434,154
441,371
443,338
443,338
444,466
446,368
447,548
448,79
449,620
451,318
452,371
453,338
454,579
455,579
457,588
458,220
459,436
460,160
461,150
464,641
465,565
468,656
469,634
472,806
474,154
475,38
478,338
483,46
484,411
486,485
487,371
488,371
488,371
489,38
490,371
493,423
494,150
496,411
499,371
500,117
501,371
503,38
505,134
506,134
507,444
508,423
509,759
511,338
512,338
513,318
514,436
516,371
517,371
518,36
519,642
520,620
523,579
524,436
525,371
526,371
528,659
530,436
531,444
534,411
535,338
536,788
537,338
538,563
541,371
542,371
543,423
544,570
551,759
553,38
554,107
555,107
557,577
559,338
561,338
563,444
564,338
565,338
566,579
567,550
568,371
569,579
571,579
572,548
573,338
574,759
575,642
576,531
578,38
579,371
580,38
581,134
582,579
583,555
584,555
585,253
586,519
587,371
588,411
589,338
590,423
591,423
592,423
593,411
594,338
595,38
596,667
597,371
599,667
600,687
602,31
603,371
604,786
605,194
606,146
610,567
612,779
613,519
617,622
619,555
620,555
621,730
623,240
624,240
625,240
626,240
627,371
628,338
629,642
633,423
634,513
635,338
637,423
638,371
639,146
640,338
641,338
642,218
644,338
645,423
646,371
646,371
648,371
649,519
651,4
652,194
654,371
655,371
655,371
656,371
657,423
658,423
664,338
665,371
666,371
667,606
670,107
675,38
678,243
680,371
682,38
684,38
687,38
689,371
690,772
691,387
694,772
695,772
697,205
698,772
703,154
704,243
706,47
708,423
709,310
710,234
711,371
712,310
715,38
719,338
720,338
723,423
725,338
726,38
727,371
728,550
731,183
732,555
733,555
737,371
740,412
741,45
742,413
744,371
746,183
747,150
750,338
753,720
757,139
758,683
759,36
761,759
763,107
764,38
765,107
766,338
767,622
772,583
775,371
776,371
778,759
782,107
783,179
785,371
786,338
788,387
790,134
791,134
792,338
793,759
797,371
798,38
800,269
801,687
802,63
804,338
808,468
809,659
810,371
811,335
814,117
816,371
817,371
818,371
820,142
821,527
822,371
826,620
827,48
828,371
829,558
830,107
833,433
834,371
835,538
836,338
837,371
838,811
839,234
840,531
841,371
843,156
844,240
845,139
846,371
848,371
851,371
853,371
856,38
860,371
864,642
865,338
866,338
867,71
869,371
871,468
872,371
873,371
874,371
875,371
876,1
881,810
882,371
883,51
884,218
885,371
886,759
887,620
889,414
890,338
894,219
895,71
897,318
899,371
900,371
905,371
906,36
908,371
909,371
911,423
915,444
916,147
921,38
924,338
926,371
927,570
929,548
930,423
931,242
932,107
935,151
936,38
937,165
940,579
941,789
942,579
943,251
945,759
947,693
950,368
951,605
954,620
955,550
960,767
961,371
963,137
965,253
966,540
969,338
971,665
972,121
973,338
975,107
976,644
976,394
977,38
980,611
981,240
982,519
983,117
985,550
990,194
993,423
994,338
995,155
998,642
999,134
1000,478
1001,134
1002,338
1003,650
1005,720
1006,338
1007,423
1009,107
1013,338
1016,423
1020,36
1021,107
1024,150
1025,107
1026,253
1027,253
1030,371
1030,371
1036,371
1038,720
1039,338
1040,423
1041,423
1042,622
1044,338
1045,371
1046,107
1047,444
1048,642
1051,423
1052,481
1053,338
1054,107
1057,532
1058,579
1059,38
1060,433
1062,150
1063,208
1064,467
1066,467
1067,371
1068,318
1069,642
1070,444
1072,338
1072,338
1073,554
1074,642
1075,642
1076,579
1077,338
1077,338
1078,240
1079,759
1080,318
1081,687
1083,338
1086,811
1088,35
1089,91
1090,91
1091,318
1092,91
1093,423
1094,519
1095,129
1096,531
1098,18
1101,256
1102,759
1103,541
1103,718
1104,541
1104,718
1106,738
1117,208
1118,642
1119,38
1120,644
1120,394
1121,423
1122,531
1123,338
1125,338
1126,423
1130,610
1131,417
1133,609
1135,38
1136,519
1137,218
1138,515
1140,417
1144,519
1145,71
1146,371
1147,743
1148,519
1149,373
1151,423
1153,338
1154,423
1155,147
1156,531
1157,244
1158,683
1159,444
1160,38
1161,650
1163,622
1166,367
1167,666
1168,381
1172,371
1173,371
1175,338
1176,191
1179,371
1185,682
1190,107
1193,251
1194,327
1195,100
1196,728
1200,548
1203,744
1205,38
1206,734
1207,734
1209,394
1210,273
1211,803
1213,38
1214,423
1215,531
1218,550
1221,647
1222,647
1223,647
1224,647
1225,647
1226,216
1227,373
1228,647
1229,138
1230,647
1232,647
1233,647
1234,373
1235,647
1236,150
1237,338
1238,647
1240,647
1241,647
1242,647
1243,647
1244,647
1245,373
1247,647
1248,647
1251,338
1252,647
1253,548
1254,548
1255,361
1258,423
1259,373
1260,373
1265,687
1268,174
1269,753
1271,240
1273,314
1276,150
1282,519
1283,376
1284,536
1288,423
1291,371
1297,38
1299,36
1300,371
1301,548
1302,36
1303,579
1306,38
1308,371
1309,444
1312,338
1315,622
1316,642
1317,642
1319,338
1320,107
1327,788
1330,338
1333,285
1334,338
1337,338
1339,147
1341,338
1342,113
1343,620
1345,668
1346,367
1347,368
1348,371
1349,52
1350,52
1351,444
1352,378
1353,216
1354,450
1355,759
1359,502
1360,448
1361,318
1364,687
1365,378
1369,338
1370,150
1371,579
1372,371
1373,338
1376,583
1377,583
1378,338
1380,789
1381,371
1383,45
1385,683
1386,154
1392,767
1393,338
1397,429
1399,338
1401,38
1402,38
1404,667
1406,803
1407,338
1409,38
1411,150
1412,77
1413,792
1414,117
1415,772
1417,423
1418,38
1419,150
1421,71
1423,371
1425,338
1426,210
1427,239
1428,318
1429,423
1431,36
1432,371
1433,338
1434,371
1435,371
1436,106
1436,701
1439,333
1443,444
1444,22
1445,579
1446,371
1447,338
1448,355
1451,253
1454,61
1455,107
1456,423
1465,355
1466,759
1467,134
1469,107
1470,134
1474,759
1479,15
1481,618
1482,371
1483,245
1484,338
1485,368
1486,483
1487,368
1488,338
1489,579
1490,579
1492,338
1493,38
1494,23
1495,607
1496,579
1497,338
1498,765
1499,338
1502,443
1503,338
1504,423
1505,583
1506,583
1507,371
1509,355
1510,329
1511,38
1512,598
1513,37
1515,423
1516,579
1517,579
1518,18
1519,338
1522,218
1525,23
1526,338
1527,125
1528,483
1529,253
1532,338
1533,483
1534,38
1535,150
1536,49
1537,531
1538,644
1538,394
1539,423
1540,531
1543,45
1544,146
1545,423
1551,423
1552,38
1553,38
1555,46
1556,444
1558,548
1559,548
1561,150
1568,555
1569,555
1575,338
1576,642
1578,423
1580,753
1581,387
1582,483
1583,157
1584,38
1585,251
1586,765
1588,765
1589,765
1590,765
1591,527
1592,527
1593,423
1594,423
1596,765
1597,550
1598,690
1600,483
1601,263
1602,165
1603,558
1605,59
1606,548
1607,371
1608,423
1609,765
1610,765
1611,765
1612,513
1614,765
1615,773
1616,646
1617,371
1618,765
1619,62
1620,765
1621,648
1622,648
1623,648
1624,765
1626,765
1627,765
1628,423
1629,765
1630,765
1631,765
1632,765
1634,157
1636,423
1638,483
1639,100
1641,291
1642,210
1643,338
1644,107
1645,107
1646,615
1647,690
1648,444
1649,338
1650,371
1651,36
1654,642
1658,167
1660,107
1664,773
1666,277
1667,338
1668,423
1669,460
1670,364
1672,483
1673,349
1674,550
1676,760
1677,483
1679,444
1680,371
1681,338
1682,483
1683,371
1688,182
1690,548
1691,548
1692,548
1693,548
1694,548
1695,548
1696,548
1697,548
1698,548
1699,548
1700,548
1702,483
1703,772
1704,423
1705,715
1706,319
1710,291
1711,483
1715,423
1716,338
1717,398
1718,483
1719,132
1720,138
1721,423
1722,364
1723,629
1724,211
1725,772
1726,483
1727,483
1728,45
1729,603
1731,645
1732,451
1733,338
1734,55
1734,407
1735,55
1735,407
1737,264
1738,433
1739,483
1740,423
1741,423
1742,439
1745,587
1746,433
1747,423
1748,664
1750,566
1751,239
1752,154
1753,772
1755,485
1756,423
1760,423
1763,483
1766,367
1768,423
1769,483
1770,483
1773,630
1774,50
1775,689
1776,173
1778,772
1779,71
1780,80
1782,371
1783,38
1784,645
1785,134
1787,419
1789,645
1791,423
1792,423
1793,442
1794,62
1795,286
1798,338
1799,286
1800,318
1801,728
1802,286
1803,375
1804,423
1806,548
1808,138
1810,548
1812,548
1814,338
1815,338
1817,423
1820,444
1822,759
1824,104
1825,338
1827,664
1833,218
1839,642
1843,107
1845,606
1847,642
1848,531
1848,569
1849,789
1850,338
1852,531
1854,146
1857,353
1858,444
1859,548
1860,349
1863,423
1866,190
1867,37
1868,371
1869,642
1875,338
1876,161
1877,445
1878,45
1881,556
1882,371
1885,387
1893,48
1897,803
1898,423
1901,150
1903,500
1904,371
1905,687
1906,371
1909,780
1910,780
1914,795
1915,423
1916,423
1918,371
1920,633
1921,338
1922,341
1924,48
1926,192
1928,48
1934,38
1937,559
1938,158
1939,811
1942,527
1943,338
1947,547
1947,640
1948,56
1950,138
1951,150
1953,519
1954,644
1954,394
1955,513
1956,38
1957,531
1958,338
1959,513
1960,48
1964,759
1966,784
1967,743
1968,423
1971,59
1972,48
1975,48
1976,134
1977,797
1978,558
1980,609
1982,48
1983,423
1984,59
1987,522
1988,318
1989,69
1992,548
1993,371
1994,423
1996,683
1997,720
2001,36
2004,338
2007,489
2010,371
2012,371
2013,423
2015,759
2017,548
2018,669
2024,107
2026,606
2028,38
2030,423
2033,67
2035,338
2036,610
2039,368
2040,679
2041,113
2044,338
2045,338
2046,371
2048,718
2053,38
2054,338
2057,788
2058,338
2059,620
2060,620
2061,338
2062,718
2065,423
2067,423
2070,367
2073,367
2076,289
2076,38
2077,550
2078,338
2079,113
2082,301
2083,617
2084,113
2085,371
2086,556
2087,548
2088,548
2089,45
2094,338
2095,531
2097,412
2098,161
2099,338
2100,338
2101,338
2105,371
2107,111
2109,656
2114,201
2119,338
2120,615
2125,519
2126,565
2127,423
2129,154
2132,633
2136,718
2142,527
2143,338
2144,48
2145,16
2146,157
2147,318
2149,558
2152,117
2154,15
2155,795
2156,153
2160,371
2161,423
2171,423
2172,519
2173,134
2174,371
2175,371
2177,371
2178,368
2183,338
2185,328
2187,71
2188,100
2189,642
2192,36
2194,368
2195,338
2200,423
2201,371
2202,371
2202,371
2203,38
2207,662
2208,642
2209,606
2210,669
2212,107
2213,528
2216,705
2218,371
2219,548
2222,803
2223,579
2224,371
2225,551
2226,371
2226,371
2228,453
2229,371
2230,371
2233,423
2235,371
2236,723
2238,338
2240,371
2240,371
2241,423
2242,37
2243,423
2247,371
2248,338
2250,38
2251,95
2252,383
2253,424
2254,656
2255,218
2255,628
2255,594
2255,414
2255,777
2257,354
2257,283
2260,537
2262,150
2265,371
2266,38
2268,650
2269,338
2270,423
2271,548
2273,644
2273,394
2274,772
2275,531
2276,338
2277,642
2278,45
2279,759
2281,338
2282,531
2290,338
2294,287
2295,371
2296,433
2297,338
2298,338
2300,753
2301,251
2304,548
2305,467
2306,38
2307,371
2308,642
2310,338
2311,338
2315,154
2317,621
2320,218
2322,555
2323,555
2325,371
2326,371
2334,527
2338,38
2339,726
2340,759
2341,555
2342,555
2343,338
2344,371
2345,38
2347,371
2349,150
2350,338
2356,371
2357,141
2358,558
2359,684
2360,38
2364,338
2368,19
2369,338
2370,423
2372,338
2373,338
2375,746
2377,338
2378,433
2379,433
2380,338
2381,683
2382,38
2384,154
2385,338
2386,338
2386,338
2387,338
2387,338
2389,28
2391,371
2392,371
2394,46
2395,506
2396,134
2398,759
2399,338
2400,38
2402,371
2403,38
2405,548
2406,759
2407,165
2409,117
2410,36
2414,444
2416,621
2417,36
2418,579
2419,36
2420,38
2421,759
2422,570
2424,528
2425,338
2426,138
2427,423
2428,706
2430,606
2431,107
2433,642
2436,548
2437,338
2438,423
2440,444
2443,338
2444,338
2445,371
2447,203
2448,338
2450,423
2452,38
2453,579
2454,423
2455,371
2456,227
2458,338
2459,100
2462,447
2464,555
2466,555
2467,338
2468,218
2468,628
2468,594
2468,414
2468,777
2469,699
2470,423
2471,388
2471,492
2472,38
2474,338
2475,265
2476,772
2477,433
2478,585
2479,563
2485,524
2486,582
2487,338
2488,651
2489,338
2490,45
2496,38
2498,444
2503,338
2507,566
2510,563
2511,563
2512,563
2515,38
2517,338
2518,338
2519,371
2520,56
2521,433
2524,463
2526,194
2531,524
2533,463
2534,620
2536,38
2537,423
2538,338
2542,423
2543,579
2547,147
2551,104
2552,338
2553,338
2556,423
2558,789
2559,154
2560,522
2561,338
2563,606
2567,338
2568,38
2572,338
2575,562
2576,104
2577,789
2580,789
2581,642
2582,444
2584,423
2585,447
2586,371
2591,759
2592,71
2593,371
2594,436
2595,371
2596,436
2599,67
2601,338
2603,371
2604,528
2605,107
2607,690
2608,338
2610,55
2610,570
2613,338
2614,642
2618,423
2620,194
2621,38
2622,38
2623,368
2625,194
2628,38
2630,255
2633,371
2634,38
2635,248
2637,423
2638,38
2640,371
2643,371
2648,371
2651,338
2652,642
2658,371
2659,371
2660,371
2665,371
2666,45
2667,346
2670,38
2673,371
2674,468
2676,423
2677,338
2678,177
2691,620
2692,371
2693,433
2695,338
2696,633
2699,38
2704,772
2707,772
2709,667
2710,690
2712,690
2713,377
2714,423
2715,371
2716,659
2717,423
2718,671
2720,606
2721,38
2723,642
2726,579
2727,642
2728,338
2732,520
2740,620
2741,620
2743,338
2744,371
2745,548
2747,371
2748,772
2749,4
2751,4
2755,548
2756,118
2758,299
2759,371
2761,371
2762,13
2768,59
2769,678
2772,371
2777,338
2779,338
2780,338
2786,38
2789,100
2792,444
2796,371
2799,338
2800,579
2801,351
2803,642
2805,423
2807,107
2808,606
2810,560
2813,371
2814,338
2816,36
2817,772
2818,423
2820,371
2822,534
2824,772
2825,423
2826,371
2827,371
2828,338
2829,772
2830,368
2831,772
2832,371
2832,371
2833,772
2836,772
2837,423
2838,772
2840,772
2841,772
2842,772
2844,371
2845,415
2845,160
2846,433
2847,772
2848,433
2849,36
2851,772
2852,772
2853,523
2855,772
2857,772
2860,527
2867,114
2868,114
2872,579
2874,338
2875,772
2876,338
2877,338
2879,433
2880,772
2881,373
2882,772
2882,259
2884,45
2885,772
2886,433
2887,433
2894,772
2896,772
2897,599
2899,338
2901,38
2902,548
2903,772
2909,107
2910,38
2920,46
2932,338
2937,107
2940,338
2941,338
2942,150
2943,509
2948,325
2952,107
2953,38
2954,194
2955,57
2956,683
2960,371
2961,371
2962,150
2963,759
2964,458
2965,150
2967,38
2969,38
2972,788
2973,104
2974,371
2975,371
2977,305
2977,548
2980,38
2981,579
2982,351
2983,108
2984,108
2985,108
2994,560
2996,107
3005,550
3008,627
3018,356
3019,150
3021,444
3023,485
3024,605
3026,458
3028,38
3031,548
3036,548
3037,444
3039,8
3041,750
3043,45
3048,485
3050,43
3052,702
3053,485
3054,485
3055,38
3056,759
3057,753
3058,548
3062,519
3071,38
3072,18
3078,240
3079,38
3086,150
3087,38
3088,550
3089,412
3099,772
3102,108
3103,108
3105,108
3106,107
3108,371
3110,371
3111,423
3112,18
3114,379
3117,317
3118,683
3119,338
3120,718
3121,266
3123,513
3124,548
3127,548
3132,649
3135,744
3138,371
3141,38
3143,371
3144,485
3145,759
3146,351
3148,371
3149,18
3151,759
3154,759
3156,606
3157,739
3160,107
3164,759
3166,718
3170,38
3171,338
3176,370
3177,423
3181,154
3182,444
3185,138
3187,43
3189,315
3191,656
3192,38
3193,718
3196,422
3198,338
3198,338
3200,579
3201,513
3202,736
3204,115
3206,617
3207,43
3208,20
3209,38
3211,371
3211,218
3217,485
3219,444
3224,548
3226,555
3227,555
3228,555
3231,718
3232,134
3236,423
3237,423
3242,147
3248,107
3251,141
3256,338
3257,338
3263,18
3265,444
3269,223
3270,104
3271,776
3273,595
3274,38
3275,371
3282,550
3284,672
3285,718
3286,718
3287,107
3292,36
3293,38
3294,338
3296,583
3298,38
3299,24
3300,15
3301,71
3304,338
3305,338
3311,745
3312,265
3314,6
3324,6
3326,338
3327,649
3328,433
3330,605
3331,32
3332,38
3333,100
3334,45
3341,579
3342,550
3352,579
3353,606
3354,690
3357,776
3358,338
3359,338
3360,134
3361,338
3362,55
3362,570
3368,38
3372,371
3373,371
3375,38
3376,244
3377,38
3378,371
3380,371
3382,107
3384,595
3386,371
3387,38
3388,40
3389,423
3391,444
3392,15
3393,469
3393,434
3394,657
3395,579
3396,579
3397,548
3399,338
3402,649
3406,718
3407,279
3408,707
3410,338
3410,338
3413,150
3415,300
3417,744
3418,338
3420,124
3425,100
3426,338
3427,2
3429,550
3439,85
3439,718
3440,338
3443,653
3446,342
3448,330
3449,338
3451,38
3453,124
3455,489
3459,338
3460,124
3464,624
3465,37
3466,2
3469,338
3471,550
3472,7
3473,38
3477,759
3479,555
3480,555
3481,134
3482,775
3484,117
3485,579
3490,595
3496,531
3497,644
3497,394
3499,548
3500,617
3501,45
3502,363
3503,157
3505,798
3506,212
3508,338
3511,107
3512,107
3513,134
3514,729
3515,134
3516,469
3516,434
3518,38
3519,423
3519,11
3527,392
3530,38
3533,338
3535,338
3535,338
3541,87
3544,134
3547,338
3548,579
3549,759
3550,694
3551,548
3552,548
3553,642
3554,617
3556,100
3557,157
3558,338
3559,338
3560,157
3561,244
3562,605
3563,316
3564,316
3565,316
3566,338
3568,338
3570,338
3571,548
3574,338
3576,104
3577,338
3585,38
3586,338
3588,38
3589,162
3593,38
3596,338
3604,338
3607,157
3608,338
3609,338
3611,157
3613,371
3614,433
3615,527
3617,338
3618,338
3621,338
3622,548
3623,237
3624,338
3625,338
3626,718
3627,38
3631,338
3632,408
3634,59
3635,804
3636,804
3638,338
3639,338
3641,558
3643,338
3644,338
3647,338
3648,791
3649,759
3651,59
3653,791
3654,791
3656,338
3658,338
3660,687
3664,38
3665,338
3666,100
3667,338
3668,718
3669,338
3671,371
3673,338
3674,338
3678,531
3681,338
3682,423
3683,38
3684,218
3685,107
3687,577
3688,38
3690,338
3691,759
3693,759
3694,762
3695,154
3696,804
3697,804
3700,338
3704,338
3706,45
3707,70
3708,517
3709,71
3710,423
3713,338
3715,548
3716,579
3717,104
3718,371
3720,371
3722,579
3724,338
3726,718
3728,134
3729,602
3734,338
3743,107
3746,338
3749,338
3750,690
3753,371
3754,371
3757,350
3759,338
3763,338
3764,338
3765,423
3766,338
3767,338
3768,38
3770,368
3771,338
3772,499
3773,166
3774,338
3775,221
3779,338
3780,166
3781,36
3782,338
3783,759
3785,338
3786,727
3787,338
3787,417
3788,387
3790,433
3792,718
3795,804
3796,804
3798,38
3799,423
3800,804
3801,804
3804,338
3805,41
3809,7
3811,548
3812,497
3814,117
3818,338
3819,755
3820,417
3821,338
3822,620
3823,38
3825,170
3826,160
3829,548
3832,338
3833,579
3836,338
3839,101
3842,792
3846,595
3847,134
3848,150
3849,170
3852,117
3853,117
3856,654
3857,527
3863,347
3864,45
3865,617
3866,558
3867,687
3868,578
3869,338
3870,243
3871,586
3872,338
3874,531
3879,449
3882,804
3883,804
3885,423
3890,753
3893,423
3894,371
3895,804
3896,804
3897,338
3901,38
3903,38
3905,519
3906,38
3916,338
3917,317
3919,371
3923,38
3924,38
3926,170
3927,531
3928,322
3929,157
3930,322
3932,423
3937,38
3939,338
3942,48
3942,259
3947,48
3951,318
3952,578
3955,527
3957,793
3958,624
3959,338
3962,793
3970,340
3971,570
3972,240
3974,527
3976,228
3983,38
3986,617
3988,48
3989,218
3990,548
3991,548
3993,698
3996,669
3999,109
4000,644
4000,394
4002,394
4004,338
4005,145
4006,423
4008,792
4009,416
4010,527
4011,147
4012,107
4013,170
4017,338
4019,698
4020,371
4022,338
4026,214
4027,505
4030,669
4031,338
4033,38
4035,38
4038,338
4039,522
4042,698
4044,338
4045,338
4047,134
4049,38
4050,59
4051,423
4052,59
4054,338
4055,784
4058,423
4059,590
4061,423
4062,338
4063,513
4064,252
4065,558
4068,469
4068,434
4069,338
4076,433
4077,718
4078,218
4080,656
4081,423
4082,423
4086,423
4087,423
4093,338
4095,548
4101,154
4106,548
4109,38
4110,38
4113,38
4114,38
4120,710
4122,138
4123,759
4124,71
4127,548
4129,107
4130,458
4133,100
4134,555
4135,555
4136,579
4138,38
4139,376
4141,134
4142,38
4146,642
4149,38
4151,38
4157,107
4158,38
4167,301
4170,371
4171,579
4175,38
4176,383
4178,371
4179,38
4180,38
4181,767
4184,38
4185,759
4186,122
4187,579
4189,38
4193,38
4198,134
4199,579
4200,170
4201,170
4203,38
4208,642
4213,38
4216,548
4217,548
4220,34
4224,669
4225,38
4229,423
4234,548
4237,423
4240,656
4242,244
4243,154
4244,371
4247,371
4249,683
4251,338
4253,338
4262,759
4266,104
4268,338
4269,521
4271,328
4273,759
4274,718
4275,38
4276,134
4278,338
4281,45
4284,444
4291,642
4293,107
4294,38
4295,38
4296,38
4301,789
4303,548
4308,338
4312,759
4313,423
4314,423
4315,579
4316,371
4319,258
4320,338
4325,754
4326,212
4327,38
4328,371
4332,134
4333,134
4334,38
4337,218
4338,338
4339,275
4342,548
4343,338
4345,550
4347,465
4354,240
4355,114
4356,114
4358,718
4361,677
4363,423
4367,802
4368,727
4372,212
4376,433
4377,338
4382,754
4384,338
4385,45
4386,371
4387,759
4391,548
4392,38
4394,240
4396,579
4397,412
4399,759
4400,342
4402,281
4403,338
4404,338
4405,474
4406,38
4412,38
4414,642
4418,474
4428,423
4431,727
4435,527
4440,338
4443,371
4444,149
4445,617
4450,71
4451,134
4452,134
4453,423
4454,59
4457,708
4459,677
4465,371
4468,558
4470,718
4472,387
4473,208
4484,610
4485,635
4486,433
4488,338
4490,338
4494,36
4495,338
4497,71
4498,38
4499,458
4501,338
4503,38
4505,150
4508,718
4511,759
4512,568
4516,642
4517,371
4518,338
4524,204
4527,579
4530,45
4531,444
4534,84
4536,149
4538,134
4539,371
4543,707
4544,579
4545,759
4546,338
4547,338
4550,720
4555,107
4560,690
4563,338
4567,75
4569,338
4570,338
4572,718
4578,579
4579,134
4580,338
4584,435
4585,707
4587,38
4588,548
4589,772
4598,579
4602,304
4604,579
4605,579
4609,147
4611,338
4616,528
4617,293
4619,38
4624,718
4625,444
4628,444
4629,548
4630,656
4631,759
4638,696
4642,371
4643,199
4644,444
4646,496
4650,620
4652,38
4653,320
4657,690
4658,36
4659,244
4660,718
4661,620
4666,371
4675,550
4676,344
4678,338
4679,371
4680,33
4686,531
4689,674
4691,338
4693,338
4696,731
4698,522
4700,423
4702,531
4704,45
4714,38
4715,759
4716,423
4724,338
4726,287
4729,287
4731,472
4737,371
4739,82
4740,338
4742,423
4743,53
4751,779
4757,656
4759,338
4760,338
4765,548
4769,766
4771,38
4772,201
4779,656
4781,338
4781,185
4783,531
4786,274
4788,686
4791,338
4800,409
4804,338
4805,338
4806,199
4808,150
4813,38
4815,48
4816,10
4817,38
4821,338
4825,338
4830,338
4831,423
4833,338
4834,338
4836,548
4838,48
4839,548
4840,579
4841,338
4845,170
4846,774
4849,371
4850,423
4852,338
4854,380
4855,807
4858,423
4859,227
4861,147
4862,423
4863,444
4866,78
4867,423
4868,423
4872,72
4873,72
4873,38
4874,423
4875,423
4876,617
4877,134
4878,134
4881,759
4884,718
4885,718
4891,444
4894,338
4895,244
4897,338
4898,136
4900,548
4901,338
4902,563
4903,444
4904,423
4905,338
4906,338
4907,48
4909,38
4911,759
4913,423
4914,807
4915,609
4919,683
4920,527
4922,788
4922,338
4923,718
4926,241
4928,766
4930,444
4931,134
4932,134
4933,766
4935,623
4938,433
4943,386
4946,730
4949,759
4950,766
4951,45
4952,472
4953,472
4955,338
4956,338
4957,285
4958,488
4959,155
4960,59
4961,766
4965,180
4968,522
4977,522
4979,789
4981,423
4982,423
4985,112
4988,134
4989,423
4990,371
4991,371
4993,636
4995,38
4998,371
5001,134
5002,444
5003,371
5006,38
5008,531
5013,423
5017,122
5022,122
5023,107
5024,764
5026,531
5028,423
5029,138
5034,371
5034,371
5035,107
5039,344
5043,642
5044,759
5047,71
5049,579
5050,444
5052,371
5053,579
5059,423
5064,548
5067,371
5075,218
5083,412
5085,107
5087,498
5088,498
5089,498
5091,338
5093,338
5095,150
5096,150
5098,38
5102,79
5106,178
5110,433
5111,423
5112,550
5116,387
5117,338
5119,338
5120,371
5121,150
5123,338
5128,135
5130,406
5131,38
5132,593
5133,423
5135,423
5137,548
5138,107
5140,18
5141,433
5144,394
5148,107
5149,406
5151,371
5152,240
5156,423
5157,531
5163,531
5164,371
5169,134
5171,411
5174,545
5175,548
5177,753
5178,550
5183,38
5184,150
5195,615
5196,343
5198,625
5200,387
5206,38
5209,650
5212,45
5213,38
5221,114
5223,519
5228,550
5230,468
5231,150
5234,150
5235,371
5236,218
5243,371
5249,423
5250,513
5253,550
5254,550
5255,38
5256,371
5257,759
5258,519
5260,38
5262,371
5262,371
5264,423
5265,593
5267,98
5271,423
5285,243
5288,403
5292,117
5293,365
5294,240
5295,342
5296,583
5301,583
5303,371
5304,423
5304,338
5306,338
5307,342
5309,96
5311,338
5312,254
5313,304
5317,178
5319,240
5321,433
5322,508
5323,519
5324,519
5325,485
5326,411
5337,423
5338,519
5340,550
5345,519
5346,38
5348,759
5353,361
5354,15
5355,107
5356,150
5359,550
5360,104
5362,444
5363,577
5366,710
5368,45
5371,154
5372,371
5377,38
5378,759
5379,338
5380,338
5381,371
5381,371
5382,423
5383,423
5386,107
5387,38
5389,150
5396,371
5398,154
5402,716
5405,394
5406,371
5408,423
5409,338
5410,338
5415,38
5417,531
5419,644
5419,394
5420,423
5423,412
5425,150
5430,110
5434,406
5437,525
5438,642
5440,548
5443,38
5447,117
5448,593
5450,531
5451,759
5463,38
5473,753
5474,5
5485,656
5487,107
5488,38
5491,433
5492,338
5494,593
5498,64
5498,102
5504,58
5505,735
5506,735
5507,423
5508,38
5512,704
5513,704
5515,150
5518,371
5520,548
5526,740
5528,641
5529,371
5531,787
5532,683
5539,272
5541,45
5542,412
5543,444
5546,339
5548,371
5550,690
5554,749
5557,759
5558,423
5559,107
5560,150
5561,150
5562,338
5563,338
5564,338
5565,38
5566,714
5570,550
5572,138
5575,154
5576,759
5579,754
5581,150
5583,371
5587,451
5595,550
5596,79
5597,550
5600,371
5604,38
5609,768
5614,38
5617,46
5618,444
5619,117
5621,218
5622,150
5623,433
5625,371
5626,371
5628,38
5633,548
5635,38
5641,240
5642,240
5643,240
5644,240
5647,338
5648,423
5655,107
5660,710
5662,788
5668,38
5669,548
5670,50
5672,338
5673,610
5678,548
5680,371
5684,240
5686,338
5688,423
5689,423
5690,710
5692,811
5694,423
5704,423
5705,550
5706,371
5707,371
5708,735
5709,423
5711,308
5712,550
5713,38
5715,735
5716,150
5721,140
5722,371
5726,371
5729,423
5730,38
5731,268
5731,714
5732,117
5735,423
5736,38
5737,371
5738,759
5739,605
5740,751
5742,371
5743,811
5745,550
5746,437
5747,38
5748,38
5750,371
5751,371
5752,799
5755,371
5756,107
5759,371
5763,371
5765,811
5767,423
5769,371
5773,371
5774,371
5777,642
5778,107
5779,423
5784,150
5786,301
5787,758
5788,370
5792,579
5793,539
5794,107
5795,107
5796,154
5799,338
5802,661
5805,368
5806,811
5808,368
5813,196
5815,368
5816,371
5817,548
5823,423
5824,423
5825,38
5826,759
5834,423
5839,318
5840,368
5841,412
5846,246
5849,338
5850,371
5851,444
5855,18
5856,38
5864,444
5867,38
5870,423
5875,579
5878,811
5883,268
5883,714
5885,423
5886,423
5889,731
5899,788
5900,714
5905,45
5908,38
5910,38
5911,754
5912,38
5915,804
5916,804
5918,150
5926,38
5927,433
5930,485
5933,210
5935,168
5943,150
5944,150
5947,444
5949,338
5962,788
5967,458
5969,268
5969,714
5985,548
5987,737
5989,150
5990,741
5991,548
5993,410
5993,714
6001,144
6003,38
6004,516
6005,516
6009,423
6012,15
6018,423
6019,402
6020,154
6022,328
6025,550
6028,3
6034,318
6036,423
6037,423
6039,548
6041,642
6045,811
6046,550
6047,804
6048,804
6050,423
6052,531
6054,788
6055,338
6057,117
6059,759
6062,318
6063,318
6064,81
6070,276
6073,371
6074,759
6078,423
6079,423
6080,147
6082,422
6085,371
6086,519
6087,371
6088,423
6091,338
6092,759
6096,788
6097,38
6099,444
6100,38
6102,267
6104,217
6105,38
6106,38
6109,759
6111,371
6114,548
6116,579
6117,38
6119,396
6120,107
6126,371
6132,107
6133,423
6134,371
6135,788
6136,371
6139,642
6143,301
6151,788
6156,788
6158,38
6159,767
6163,48
6165,134
6167,371
6168,134
6172,788
6173,150
6174,436
6177,531
6178,698
6179,338
6183,548
6184,371
6184,371
6185,433
6186,803
6187,338
6189,423
6191,338
6195,338
6197,147
6198,609
6203,474
6209,38
6210,550
6215,550
6217,550
6219,250
6222,548
6223,38
6224,360
6226,338
6227,550
6230,318
6232,550
6233,550
6235,338
6237,117
6238,38
6243,711
6244,711
6254,811
6255,574
6259,548
6260,38
6261,423
6262,338
6264,759
6267,371
6269,107
6277,781
6278,667
6279,579
6280,338
6281,371
6282,338
6288,423
6290,158
6297,338
6298,643
6303,643
6304,338
6309,423
6311,531
6311,531
6312,531
6313,584
6315,176
6315,423
6318,687
6325,210
6326,338
6332,371
6334,759
6335,244
6339,773
6351,38
6356,38
6357,371
6359,338
6364,338
6365,154
6367,643
6368,631
6370,338
6372,338
6373,38
6380,338
6381,150
6382,48
6399,38
6400,782
6405,371
6411,48
6412,9
6415,338
6416,338
6425,811
6427,399
6434,38
6436,444
6439,767
6442,433
6444,371
6445,338
6446,338
6449,371
6451,339
6454,423
6457,164
6458,371
6460,48
6462,38
6464,471
6465,38
6466,338
6467,527
6469,371
6472,80
6473,759
6476,38
6481,48
6486,173
6488,433
6492,38
6492,38
6493,371
6496,423
6497,318
6503,38
6505,612
6506,612
6507,663
6509,357
6509,548
6511,321
6516,775
6517,80
6518,318
6525,80
6527,80
6530,338
6534,811
6536,558
6541,433
6542,338
6543,673
6545,423
6547,548
6553,59
6556,772
6557,318
6560,150
6561,38
6564,59
6569,754
6570,584
6571,71
6573,72
6582,48
6586,38
6587,260
6588,513
6589,28
6591,371
6594,423
6595,423
6598,371
6599,134
6601,522
6602,452
6605,444
6607,38
6611,371
6613,66
6616,38
6618,134
6620,423
6624,15
6628,548
6634,519
6638,371
6642,579
6644,371
6644,371
6645,642
6648,744
6649,150
6652,318
6653,467
6659,338
6662,210
6666,423
6667,606
6670,305
6670,548
6674,38
6675,530
6686,170
6698,186
6701,423
6703,68
6704,579
6706,548
6707,338
6709,759
6714,203
6716,338
6717,371
6720,803
6723,393
6724,518
6725,338
6726,495
6730,444
6733,418
6734,444
6735,338
6736,38
6738,423
6739,338
6740,371
6742,297
6745,38
6750,423
6752,290
6754,302
6754,423
6756,172
6757,38
6760,371
6761,579
6762,423
6764,579
6765,507
6765,423
6767,418
6770,270
6771,675
6772,38
6776,371
6777,38
6778,412
6779,38
6784,371
6785,591
6786,423
6787,338
6788,759
6795,38
6798,371
6805,338
6810,620
6814,722
6818,38
6821,38
6825,38
6827,169
6830,467
6832,433
6833,371
6841,338
6853,719
6855,339
6856,9
6858,9
6861,366
6866,531
6878,680
6879,371
6882,38
6887,38
6888,433
6889,38
6891,468
6892,776
6894,338
6895,776
6896,338
6896,338
6899,433
6900,395
6901,338
6905,371
6906,395
6907,218
6913,150
6914,150
6915,105
6917,395
6919,395
6921,134
6923,117
6924,328
6925,531
6927,531
6928,433
6930,644
6931,218
6932,619
6933,577
6934,773
6937,593
6941,527
6942,38
6945,38
6949,338
6951,105
6952,38
6953,163
6954,163
6955,338
6960,423
6961,38
6968,38
6971,338
6972,338
6975,164
6977,558
6979,412
6982,173
6987,218
6988,38
6991,338
7006,218
7007,423
7008,423
7011,218
7015,218
7016,328
7022,38
7025,59
7027,104
7030,38
7031,218
7032,141
7040,209
7046,149
7048,371
7050,8
7053,108
7055,433
7063,563
7066,809
7069,754
7070,38
7072,38
7073,371
7084,423
7086,804
7087,804
7090,38
7091,338
7092,485
7092,38
7093,141
7096,399
7099,108
7100,108
7101,371
7102,108
7103,108
7107,108
7108,371
7109,38
7111,240
7112,423
7113,338
7114,210
7115,122
7117,804
7118,804
7121,210
7122,337
7123,423
7124,430
7128,338
7131,158
7135,698
7136,240
7138,148
7141,38
7144,550
7145,158
7146,29
7147,210
7151,338
7154,86
7155,644
7155,394
7159,134
7160,550
7161,531
7162,150
7164,134
7168,548
7169,134
7170,423
7171,338
7173,526
7174,371
7175,107
7178,371
7182,240
7183,698
7184,371
7185,38
7188,384
7189,423
7190,713
7190,301
7193,338
7195,104
7197,38
7198,759
7200,107
7201,371
7202,371
7204,754
7207,444
7215,371
7217,145
7220,371
7221,38
7222,423
7224,85
7224,423
7227,208
7228,433
7229,423
7232,371
7235,412
7237,757
7240,687
7244,369
7245,240
7246,548
7247,149
7248,352
7249,527
7252,614
7254,134
7255,134
7256,104
7259,38
7264,455
7264,455
7265,371
7267,490
7270,260
7273,531
7276,145
7278,229
7279,487
7279,229
7280,368
7282,38
7287,107
7288,487
7288,229
7290,338
7292,717
7293,107
7294,548
7297,71
7298,697
7301,318
7303,168
7305,773
7306,328
7307,338
7309,811
7310,747
7312,187
7313,318
7316,805
7320,230
7324,423
7328,444
7331,338
7333,697
7335,90
7335,338
7337,698
7340,272
7341,119
7342,229
7343,229
7344,423
7345,229
7347,698
7350,548
7353,338
7354,338
7355,548
7357,117
7359,38
7360,175
7361,338
7362,615
7364,453
7365,371
7366,371
7370,38
7371,387
7372,38
7373,134
7375,38
7376,160
7377,38
7378,555
7379,555
7381,698
7382,193
7383,38
7391,605
7393,107
7394,374
7405,606
7411,338
7416,792
7421,38
7422,804
7423,804
7426,423
7428,433
7435,371
7437,249
7440,210
7441,550
7442,433
7443,804
7444,804
7446,124
7447,124
7449,124
7453,454
7455,107
7458,143
7459,525
7461,338
7461,338
7465,811
7469,632
7471,168
7472,128
7472,38
7473,531
7475,423
7478,231
7479,210
7481,598
7482,598
7485,698
7486,154
7488,165
7505,38
7513,114
7514,709
7518,338
7519,338
7520,759
7522,38
7526,207
7527,338
7528,338
7530,38
7533,548
7534,175
7536,338
7540,38
7546,387
7547,338
7548,642
7550,771
7551,701
7556,338
7557,38
7559,38
7560,338
7561,385
7564,17
7567,454
7568,134
7569,338
7572,423
7574,702
7578,338
7584,38
7586,38
7588,433
7593,188
7595,38
7596,155
7601,454
7602,338
7606,124
7607,503
7608,338
7613,338
7621,134
7623,394
7624,140
7624,548
7625,555
7626,555
7627,134
7628,338
7628,338
7629,454
7631,548
7633,548
7634,128
7637,550
7638,550
7640,444
7641,208
7642,548
7643,38
7645,218
7646,170
7648,338
7648,338
7648,38
7649,338
7650,423
7652,168
7654,165
7656,218
7659,399
7666,550
7667,124
7669,394
7673,134
7674,134
7675,433
7679,550
7680,759
7681,342
7685,338
7686,296
7688,423
7690,168
7694,371
7695,420
7696,324
7697,454
7698,38
7702,260
7703,38
7705,338
7711,344
7712,371
7716,338
7717,548
7718,338
7719,598
7720,598
7721,598
7725,38
7727,698
7728,338
7732,292
7734,38
7735,38
7739,38
7741,338
7742,38
7744,338
7747,577
7748,759
7749,371
7750,454
7755,454
7756,550
7760,38
7761,371
7762,371
7763,520
7775,38
7776,38
7777,338
7783,700
7785,423
7786,423
7787,550
7789,38
7792,147
7797,371
7798,38
7800,71
7803,338
7806,730
7809,236
7810,38
7811,236
7812,444
7816,371
7817,38
7819,38
7821,38
7822,641
7826,579
7827,467
7829,371
7831,759
7832,42
7833,107
7836,454
7839,423
7850,811
7851,454
7852,231
7853,759
7858,525
7860,38
7862,783
7863,338
7864,134
7865,241
7867,527
7868,38
7870,371
7871,555
7873,423
7874,467
7875,150
7877,338
7878,555
7879,555
7880,497
7881,131
7882,131
7883,489
7885,38
7889,38
7891,371
7893,35
7895,458
7898,423
7902,38
7904,454
7905,577
7907,558
7909,371
7910,338
7912,120
7914,382
7917,285
7918,318
7921,444
7926,579
7927,296
7928,271
7929,38
7932,107
7936,15
7937,579
7938,371
7939,338
7940,338
7942,548
7943,338
7944,391
7946,423
7947,338
7948,338
7952,338
7954,212
7956,453
7957,642
7963,412
7966,18
7968,18
7969,134
7972,704
7973,704
7976,432
7977,433
7980,175
7982,38
7985,117
7988,239
7992,759
7995,97
7996,579
8001,38
8005,546
8007,175
8008,338
8012,344
8014,632
8016,170
8018,33
8020,442
8025,759
8026,467
8027,168
8028,510
8030,154
8031,243
8033,644
8033,394
8036,531
8037,511
8038,338
8040,511
8041,49
8042,295
8043,394
8044,644
8044,394
8045,115
8047,667
8050,38
8054,467
8055,149
8056,213
8058,698
8059,18
8061,519
8062,519
8064,531
8065,423
8066,531
8068,311
8069,531
8070,519
8071,531
8072,531
8073,531
8074,531
8075,531
8076,423
8077,423
8079,531
8084,123
8085,123
8088,467
8089,589
8090,412
8090,575
8095,243
8096,134
8097,134
8098,256
8100,387
8101,248
8103,614
8104,759
8105,18
8109,718
8110,519
8111,519
8112,519
8114,467
8115,491
8120,338
8121,338
8123,338
8124,338
8125,338
8127,71
8129,338
8130,338
8132,18
8133,18
8134,38
8135,467
8141,423
8145,467
8148,423
8148,338
8155,606
8156,266
8158,519
8159,456
8160,15
8162,295
8164,563
8165,730
8166,376
8168,519
8169,412
8169,575
8171,649
8172,222
8176,154
8177,744
8178,150
8180,38
8181,295
8184,328
8187,776
8188,694
8189,338
8192,444
8194,168
8195,107
8196,7
8198,71
8199,122
8200,468
8211,38
8213,38
8215,548
8218,338
8221,38
8222,754
8226,170
8234,513
8236,555
8237,555
8239,371
8240,338
8241,134
8243,93
8248,38
8249,444
8250,38
8253,423
8260,579
8264,338
8265,338
8269,215
8269,38
8274,338
8276,134
8277,338
8278,786
8282,38
8284,371
8285,38
8287,468
8288,641
8289,38
8293,444
8297,150
8302,338
8303,38
8304,338
8308,759
8311,107
8318,685
8320,811
8327,328
8332,467
8337,794
8341,338
8350,134
8350,134
8351,470
8361,175
8362,117
8363,548
8366,769
8367,759
8368,444
8369,141
8370,668
8372,338
8373,178
8374,338
8375,338
8376,338
8379,7
8380,338
8381,338
8384,213
8388,35
8390,312
8391,531
8392,592
8394,433
8396,759
8397,338
8399,423
8400,433
8401,422
8409,342
8411,342
8416,134
8416,134
8418,467
8420,338
8422,338
8424,134
8425,38
8427,38
8430,698
8432,433
8433,667
8439,38
8441,493
8444,38
8447,38
8449,456
8450,423
8451,667
8453,467
8454,718
8455,519
8458,218
8459,759
8460,38
8461,776
8462,776
8463,467
8466,423
8467,423
8469,123
8476,444
8477,467
8479,548
8480,38
8482,338
8483,548
8484,444
8488,38
8489,467
8492,338
8499,338
8503,123
8504,759
8506,123
8507,468
8510,519
8511,38
8512,100
8514,122
8518,323
8519,38
8520,323
8521,38
8522,338
8523,548
8525,71
8528,338
8529,338
8530,138
8532,718
8534,467
8535,342
8537,122
8538,493
8540,338
8541,338
8542,759
8547,467
8550,318
8551,467
8552,555
8553,555
8556,426
8559,461
8562,124
8565,38
8566,698
8567,134
8568,134
8570,168
8573,338
8576,38
8577,38
8580,72
8582,38
8583,145
8585,546
8589,776
8591,338
8592,338
8594,759
8596,134
8600,38
8602,318
8608,468
8614,690
8614,799
8615,785
8616,579
8620,406
8621,93
8623,406
8624,555
8625,555
8626,406
8630,458
8631,134
8633,371
8635,38
8636,579
8638,218
8639,170
8640,669
8643,423
8646,759
8647,656
8649,406
8651,338
8652,38
8655,759
8658,38
8660,38
8661,606
8667,38
8669,799
8670,150
8672,38
8674,468
8676,338
8677,262
8679,342
8680,38
8682,493
8685,145
8686,338
8689,338
8697,342
8704,712
8705,38
8706,38
8709,38
8710,656
8716,721
8718,721
8720,38
8722,38
8723,613
8725,175
8727,712
8730,718
8732,468
8734,712
8736,493
8738,468
8742,759
8744,124
8745,712
8748,468
8751,548
8752,405
8753,18
8754,338
8763,423
8765,712
8766,38
8767,743
8770,748
8772,468
8782,712
8784,15
8789,38
8791,525
8792,123
8793,338
8795,652
8796,123
8797,527
8798,493
8799,718
8800,698
8801,358
8802,778
8806,580
8809,170
8814,390
8815,338
8816,712
8819,134
8821,616
8822,480
8825,446
8826,446
8827,446
8828,446
8829,446
8830,468
8832,280
8833,456
8836,269
8838,558
8840,548
8842,433
8843,280
8844,338
8845,423
8847,338
8849,423
8850,134
8851,712
8853,261
8854,486
8856,92
8857,38
8858,38
8859,338
8860,338
8861,371
8862,338
8863,338
8864,781
8865,718
8866,486
8869,691
8870,338
8874,748
8875,175
8877,493
8879,468
8880,712
8882,468
8887,338
8888,149
8892,423
8895,548
8896,652
8897,38
8901,580
8902,761
8906,790
8907,338
8908,124
8909,7
8910,461
8917,531
8918,359
8920,759
8921,759
8922,759
8923,548
8924,124
8925,338
8928,282
8931,38
8933,282
8934,712
8935,38
8936,639
8937,124
8938,542
8939,811
8940,695
8940,423
8942,811
8947,44
8949,238
8950,338
8952,338
8953,790
8956,433
8957,468
8958,338
8959,38
8962,718
8963,338
8964,338
8967,338
8968,37
8971,712
8972,656
8972,303
8973,561
8975,338
8977,643
8979,338
8980,126
8981,295
8982,527
8984,773
8986,276
8987,468
8989,712
8992,294
8993,617
8994,468
8995,558
8996,59
8997,531
8999,712
9000,431
9001,124
9002,771
9003,38
9004,338
9006,687
9009,531
9010,531
9011,531
9015,38
9017,531
9018,116
9020,116
9021,531
9022,116
9023,38
9024,712
9030,581
9032,423
9033,184
9036,338
9041,423
9042,712
9044,38
9045,753
9046,38
9047,38
9048,38
9050,338
9052,441
9053,38
9054,38
9055,338
9057,338
9058,338
9060,38
9061,38
9062,38
9067,433
9068,38
9069,38
9071,38
9074,38
9075,468
9076,38
9078,433
9079,38
9080,38
9081,38
9082,38
9083,444
9084,38
9085,38
9086,38
9087,38
9094,26
9099,38
9101,576
9103,38
9107,338
9109,38
9111,712
9114,338
9115,475
9117,38
9119,38
9121,221
9122,338
9123,338
9124,38
9127,38
9128,440
9129,247
9130,38
9131,467
9132,338
9133,811
9134,362
9135,38
9137,468
9147,759
9152,795
9153,644
9153,394
9155,548
9157,38
9159,38
9160,423
9163,423
9168,280
9169,732
9170,423
9175,38
9177,38
9180,338
9187,38
9197,338
9198,244
9199,423
9200,124
9201,712
9202,38
9203,548
9204,468
9205,38
9209,38
9218,338
9219,149
9220,718
9221,718
9225,371
9229,38
9230,280
9231,99
9232,38
9233,338
9234,38
9235,338
9236,617
9237,38
9239,38
9240,38
9241,48
9242,38
9243,468
9246,519
9247,690
9249,38
9251,38
9252,38
9254,718
9255,38
9256,38
9257,38
9258,38
9259,25
9260,811
9264,423
9267,433
9269,338
9271,468
9273,38
9279,338
9280,338
9281,338
9285,18
9286,527
9287,38
9288,548
9289,423
9290,468
9292,759
9294,468
9295,712
9296,38
9297,468
9299,38
9304,38
9307,38
9308,338
9310,338
9311,468
9315,338
9317,374
9320,482
9322,38
9324,670
9325,38
9326,655
9331,38
9338,239
9339,38
9340,468
9343,572
9344,593
9345,767
9346,38
9348,531
9349,468
9351,38
9353,467
9354,45
9355,15
9356,423
9359,342
9362,38
9363,477
9365,338
9367,647
9369,423
9371,423
9372,338
9373,409
9375,38
9379,468
9380,338
9381,423
9382,387
9383,423
9384,74
9387,38
9388,610
9389,38
9390,468
9392,519
9393,38
9399,478
9400,71
9403,38
9405,38
9407,38
9408,423
9412,14
9413,702
9416,336
9417,338
9418,338
9419,38
9422,38
9423,307
9424,519
9426,468
9428,767
9431,433
9432,338
9434,12
9435,548
9436,423
9439,577
9441,656
9442,600
9443,531
9444,558
9449,431
9451,149
9452,712
9453,712
9454,38
9455,561
9456,338
9458,48
9459,444
9463,424
9464,656
9465,210
9466,338
9470,468
9471,698
9472,642
9476,423
9482,38
9483,548
9484,698
9485,461
9486,332
9492,468
9493,168
9497,48
9500,468
9514,38
9515,124
9519,608
9520,338
9521,692
9525,338
9526,338
9529,681
9531,658
9532,38
9533,334
9534,150
9535,811
9536,724
9538,94
9540,550
9541,4
9542,394
9544,105
9545,213
9546,423
9547,38
9550,338
9552,513
9554,39
9555,103
9559,318
9562,626
9563,38
9564,423
9565,700
9567,593
9570,65
9572,371
9574,468
9575,338
9579,342
9580,468
9581,468
9583,433
9584,338
9584,548
9586,27
9588,107
9591,338
9593,674
9597,656
9599,338
9601,38
9602,48
9603,468
9605,338
9608,338
9609,660
9610,338
9611,548
9614,759
9615,318
9616,468
9617,600
9620,338
9621,550
9623,150
9627,533
9628,597
9630,508
9632,468
9633,600
9635,338
9636,318
9638,811
9641,759
9642,100
9645,284
9646,210
9647,338
9650,767
9652,39
9655,318
9658,134
9661,338
9666,811
9668,807
9671,373
9675,338
9677,468
9683,338
9684,423
9685,338
9686,189
9686,218
9688,759
9689,571
9690,423
9693,519
9695,80
9699,338
9700,800
9701,18
9702,27
9704,590
9705,16
9708,342
9710,811
9713,337
9715,468
9716,433
9717,184
9718,598
9719,195
9720,468
9721,88
9722,423
9726,59
9727,338
9736,779
9739,150
9743,598
9744,338
9745,756
9746,197
9749,529
9750,570
9752,468
9753,38
9755,638
9756,522
9758,752
9761,38
9763,555
9764,555
9765,134
9766,134
9767,577
9768,766
9769,38
9773,598
9776,107
9778,338
9779,423
9782,38
9784,338
9787,38
9789,656
9791,558
9792,461
9797,811
9798,371
9803,468
9807,54
9809,529
9812,38
9813,155
9815,338
9816,154
9820,382
9821,423
9822,38
9824,134
9825,134
9826,260
9829,38
9832,486
9833,168
9835,468
9839,338
9839,338
9840,59
9842,468
9843,548
9845,486
9849,318
9850,766
9853,338
9854,38
9855,486
9856,328
9857,453
9858,38
9860,468
9862,107
9866,104
9869,564
9873,423
9874,338
9877,38
9878,33
9879,544
9883,477
9884,145
9886,164
9889,38
9890,200
9891,338
9897,468
9900,468
9901,790
9902,38
9904,168
9906,519
9910,433
9911,184
9912,773
9914,164
9915,468
9917,468
9919,790
9920,759
9921,468
9922,598
9924,468
9926,548
9927,127
9928,468
9929,468
9932,400
9934,27
9935,38
9936,233
9937,38
9938,285
9939,164
9940,155
9948,442
9950,17
9951,338
9952,155
9955,338
9957,280
9958,766
9960,107
9961,338
9968,561
9969,371
9973,548
9976,155
9979,198
9994,468
9995,38
9996,38
9999,100
10000,338
10001,76
10002,548
10003,136
10004,338
10005,442
10009,44
10019,548
10023,210
10024,548
10029,458
10030,38
10032,371
10035,371
10037,433
10038,376
10039,372
10040,338
10044,338
10049,301
10051,178
10052,124
10054,38
10069,433
10071,38
10072,444
10076,178
10082,178
10085,38
10088,38
10095,759
10096,338
10097,744
10099,306
10100,210
10104,641
10105,690
10106,338
10107,342
10110,124
10113,175
10115,344
10122,371
10123,38
10124,159
10125,38
10130,342
10143,759
10145,38
10148,698
10151,342
10152,38
10153,371
10157,694
10158,807
10159,694
10160,342
10162,138
10163,342
10169,38
10170,38
10176,107
10177,338
10179,38
10180,38
10187,609
10192,124
10200,371
10200,371
10202,371
10204,38
10205,338
10209,38
10212,38
10213,371
10214,423
10216,606
10217,38
10219,759
10221,38
10223,442
10224,423
10227,38
10230,38
10238,210
10246,371
10248,218
10252,371
10253,423
10264,38
10265,371
10266,371
10268,38
10269,38
10270,423
10272,38
10273,718
10274,423
10277,37
10280,275
10281,548
10288,371
10290,83
10290,772
10291,338
10294,371
10295,371
10297,338
10301,371
10303,698
10308,150
10309,38
10310,698
10311,694
10312,694
10315,549
10316,120
10321,371
10322,444
10323,256
10324,134
10326,134
10330,442
10331,548
10332,690
10333,759
10335,442
10336,423
10339,371
10341,371
10341,371
10345,423
10346,38
10347,371
10349,202
10355,338
10356,444
10358,525
10359,338
10363,38
10365,406
10367,224
10368,224
10371,73
10373,423
10379,433
10382,170
10383,338
10384,244
10387,338
10388,433
10391,38
10399,338
10400,338
10401,371
10402,338
10402,417
10407,718
10409,579
10417,154
10418,579
10419,433
10422,38
10424,786
10429,117
10431,338
10434,338
10435,406
10442,417
10443,72
10449,38
10454,433
10455,338
10457,338
10458,518
10459,338
10461,718
10463,56
10465,553
10466,371
10468,338
10469,563
10470,394
10471,338
10474,371
10475,792
10478,195
10479,338
10481,759
10482,296
10485,759
10488,412
10488,575
10490,38
10492,412
10492,575
10497,644
10497,394
10498,134
10499,210
10500,338
10502,38
10503,371
10506,256
10508,152
10511,338
10512,694
10517,371
10520,323
10521,371
10523,676
10529,371
10531,754
10536,5
10538,338
10540,338
10548,371
10549,371
10552,371
10556,442
10557,718
10558,718
10559,702
10560,338
10562,240
10563,338
10565,244
10566,606
10568,338
10571,371
10572,423
10574,38
10576,528
10578,525
10580,759
10582,442
10584,122
10587,759
10590,729
10593,669
10598,38
10600,527
10601,338
10606,38
10608,338
10609,117
10612,433
10613,38
10617,401
10623,558
10626,563
10627,433
10628,371
10629,89
10630,317
10631,406
10632,730
10633,38
10634,371
10635,338
10637,338
10638,792
10639,656
10641,759
10643,326
10645,210
10646,548
10649,529
10650,406
10652,244
10653,546
10655,44
10657,531
10658,338
10661,394
10662,423
10664,423
10667,444
10669,644
10669,394
10673,338
10674,275
10675,563
10676,464
10677,239
10680,338
10681,423
10682,514
10684,433
10688,444
10689,656
10690,38
10692,159
10693,29
10694,511
10695,423
10696,531
10699,338
10700,423
10701,338
10702,73
10703,338
10705,338
10707,38
10710,200
10716,150
10717,338
10720,134
10721,505
10722,494
10723,730
10724,548
10725,606
10728,168
10729,590
10730,597
10731,770
10732,195
10733,151
10737,730
10740,552
10742,742
10743,16
10745,328
10746,548
10747,548
10748,730
10749,134
10752,371
10753,38
10754,550
10755,104
10760,134
10761,371
10762,790
10770,371
10771,488
10772,563
10773,656
10775,71
10776,371
10779,338
10781,38
10782,433
10788,138
10797,239
10805,458
10806,371
10810,535
10815,371
10816,690
10819,38
10822,38
10823,606
10824,231
10826,579
10830,642
10831,371
10832,579
10834,423
10835,371
10837,338
10838,371
10842,669
10844,122
10848,548
10856,133
10859,117
10860,338
10861,38
10863,38
10872,387
10877,38
10881,38
10883,298
10884,298
10888,642
10889,38
10890,117
10891,170
10893,345
10897,38
10901,775
10902,775
10907,38
10909,122
10910,338
10911,38
10916,38
10917,477
10919,134
10920,134
10921,338
10923,759
10925,423
10926,170
10928,38
10930,38
10937,531
10938,394
10939,644
10939,394
10940,423
10944,690
10945,206
10953,155
10954,38
10955,338
10963,338
10966,38
10969,38
10970,38
10971,38
10972,38
10973,38
10974,688
10974,257
10975,38
10978,38
10984,38
10985,683
10987,690
10988,154
10989,642
10991,389
10995,345
10996,338
10997,338
10999,107
11001,117
11002,138
11013,548
11017,38
11027,340
11032,38
11042,38
11044,38
11045,606
11053,570
11058,338
11064,570
11065,38
11073,808
11074,808
11077,301
11078,606
11081,449
11082,38
11090,345
11096,150
11096,548
11101,656
11117,122
11118,122
11124,38
11125,444
11126,759
11129,38
11136,421
11137,444
11144,759
11145,38
11162,338
11166,38
11167,801
11168,642
11169,642
11171,210
11172,690
11176,550
11182,642
11183,601
11193,210
11197,338
11201,550
11204,444
11205,642
11206,371
11210,231
11214,338
11215,656
11221,117
11222,444
11224,642
11230,117
11231,423
11232,73
11233,338
11235,531
11240,642
11241,271
11242,138
11242,138
11243,423
11244,338
11248,107
11250,531
11251,271
11252,425
11253,644
11253,394
11256,423
11258,138
11259,412
11259,575
11264,338
11269,338
11270,690
11271,38
11272,338
11273,459
11275,38
11284,423
11287,444
11288,642
11290,438
11297,423
11301,759
11302,114
11303,427
11305,138
11306,579
11307,733
11308,606
11311,348
11313,122
11314,759
11315,154
11316,210
11317,338
11319,531
11321,38
11322,38
11325,642
11326,38
11328,38
11329,38
11332,596
11334,642
11336,43
11337,579
11338,528
11342,579
11343,579
11346,577
11348,38
11358,38
11359,518
11365,117
11369,548
11371,371
11372,368
11374,38
11375,621
11375,703
11378,371
11379,38
11381,621
11381,703
11382,423
11383,371
11385,637
11386,212
11389,338
11390,428
11393,543
11397,38
11398,400
11399,373
11401,38
11404,433
11407,368
11408,412
11409,338
11410,108
11411,225
11415,108
11417,371
11418,38
11419,38
11420,423
11421,548
11423,642
11424,108
11427,338
11431,575
11433,566
11435,340
11436,269
11437,371
11438,423
11440,610
11441,117
11443,117
11444,52
11445,371
11446,52
11449,338
11450,338
11451,371
11452,378
11453,38
11454,371
11455,423
11457,136
11458,338
11460,566
11462,231
11464,218
11465,644
11465,394
11466,122
11467,49
11468,423
11469,579
11470,38
11471,772
11472,451
11473,371
11480,122
11481,338
11482,642
11487,579
11495,136
11496,278
11497,278
11498,38
11499,371
11501,423
11502,423
11503,130
11504,240
11505,476
11507,38
11508,38
11509,638
11510,130
11510,38
11511,130
11511,38
11512,130
11512,38
11513,130
11513,38
11514,130
11514,38
11516,130
11517,150
11518,240
11519,550
11521,457
11522,150
11523,171
11524,136
11527,338
11529,397
11529,210
11530,811
11531,548
11532,114
11533,231
11534,338
11535,210
11536,309
11537,176
11537,423
11538,210
11539,718
11543,38
11544,218
11545,218
11546,501
11553,337
11560,331
11561,479
11563,38
11568,38
11570,468
11573,278
11574,278
11577,772
11581,38
11588,706
11589,531
11590,704
11591,704
11592,733
11594,484
11596,122
11598,687
11599,528
11600,288
11603,338
11607,338
11612,423
11614,38
